onset	duration	sample	trial_type	response_time	stim_file	item_name	serialpos	repeats	list	experiment	session	subject
0.0	0.007	9446	START	n/a	n/a	n/a	-999	-999	0	RepFR1	3	R1590T
0.007	15.664	9453	SESS_START	n/a	n/a	n/a	-999	-999	0	RepFR1	3	R1590T
15.671	9.133	25117	TRIAL_START	n/a	n/a	n/a	-999	-999	0	RepFR1	3	R1590T
24.804	3.0	34250	COUNTDOWN	n/a	n/a	n/a	-999	-999	0	RepFR1	3	R1590T
29.09	0.75	38536	WORD	n/a	wordpools/wordpool_EN.txt	KEY	0	2	0	RepFR1	3	R1590T
30.738	0.75	40184	WORD	n/a	wordpools/wordpool_EN.txt	FLASK	1	2	0	RepFR1	3	R1590T
32.407	0.75	41853	WORD	n/a	wordpools/wordpool_EN.txt	ELF	2	3	0	RepFR1	3	R1590T
34.14	0.75	43586	WORD	n/a	wordpools/wordpool_EN.txt	VAULT	3	3	0	RepFR1	3	R1590T
35.805	0.75	45251	WORD	n/a	wordpools/wordpool_EN.txt	ELF	4	3	0	RepFR1	3	R1590T
37.405	0.75	46851	WORD	n/a	wordpools/wordpool_EN.txt	ARK	5	1	0	RepFR1	3	R1590T
39.107	0.75	48553	WORD	n/a	wordpools/wordpool_EN.txt	MOLE	6	3	0	RepFR1	3	R1590T
40.857	0.75	50303	WORD	n/a	wordpools/wordpool_EN.txt	HUT	7	3	0	RepFR1	3	R1590T
42.407	0.75	51853	WORD	n/a	wordpools/wordpool_EN.txt	VAULT	8	3	0	RepFR1	3	R1590T
44.158	0.75	53604	WORD	n/a	wordpools/wordpool_EN.txt	HUT	9	3	0	RepFR1	3	R1590T
45.857	0.75	55303	WORD	n/a	wordpools/wordpool_EN.txt	YACHT	10	3	0	RepFR1	3	R1590T
47.525	0.75	56971	WORD	n/a	wordpools/wordpool_EN.txt	HUT	11	3	0	RepFR1	3	R1590T
49.109	0.75	58555	WORD	n/a	wordpools/wordpool_EN.txt	TRAY	12	1	0	RepFR1	3	R1590T
50.776	0.75	60222	WORD	n/a	wordpools/wordpool_EN.txt	YACHT	13	3	0	RepFR1	3	R1590T
52.392	0.75	61838	WORD	n/a	wordpools/wordpool_EN.txt	MOLE	14	3	0	RepFR1	3	R1590T
53.925	0.75	63371	WORD	n/a	wordpools/wordpool_EN.txt	SHARK	15	3	0	RepFR1	3	R1590T
55.66	0.75	65106	WORD	n/a	wordpools/wordpool_EN.txt	TENT	16	2	0	RepFR1	3	R1590T
57.292	0.75	66738	WORD	n/a	wordpools/wordpool_EN.txt	MOLE	17	3	0	RepFR1	3	R1590T
58.909	0.75	68355	WORD	n/a	wordpools/wordpool_EN.txt	VAULT	18	3	0	RepFR1	3	R1590T
60.627	0.75	70073	WORD	n/a	wordpools/wordpool_EN.txt	KEY	19	2	0	RepFR1	3	R1590T
62.262	0.75	71708	WORD	n/a	wordpools/wordpool_EN.txt	SHARK	20	3	0	RepFR1	3	R1590T
63.961	0.75	73407	WORD	n/a	wordpools/wordpool_EN.txt	FLASK	21	2	0	RepFR1	3	R1590T
65.511	0.75	74957	WORD	n/a	wordpools/wordpool_EN.txt	YOLK	22	1	0	RepFR1	3	R1590T
67.227	0.75	76673	WORD	n/a	wordpools/wordpool_EN.txt	SHARK	23	3	0	RepFR1	3	R1590T
68.778	0.75	78224	WORD	n/a	wordpools/wordpool_EN.txt	ELF	24	3	0	RepFR1	3	R1590T
70.379	0.75	79825	WORD	n/a	wordpools/wordpool_EN.txt	TENT	25	2	0	RepFR1	3	R1590T
72.077	0.75	81523	WORD	n/a	wordpools/wordpool_EN.txt	YACHT	26	3	0	RepFR1	3	R1590T
81.212	0.832	90658	REC_START	n/a	n/a	n/a	-999	-999	0	RepFR1	3	R1590T
82.044	0.655	91490	REC_WORD	0.832	n/a	MOLE	-999	3	0	RepFR1	3	R1590T
82.699	0.942	92145	REC_WORD	1.487	n/a	SHARK	-999	3	0	RepFR1	3	R1590T
83.641	0.808	93087	REC_WORD	2.429	n/a	KEY	-999	2	0	RepFR1	3	R1590T
84.449	2.992	93895	REC_WORD	3.237	n/a	FLASK	-999	2	0	RepFR1	3	R1590T
87.441	0.882	96887	REC_WORD	6.229	n/a	ARK	-999	1	0	RepFR1	3	R1590T
88.323	1.703	97769	REC_WORD	7.111	n/a	YACHT	-999	3	0	RepFR1	3	R1590T
90.026	3.276	99472	REC_WORD	8.814	n/a	TENT	-999	2	0	RepFR1	3	R1590T
93.302	18.114	102748	REC_WORD	12.09	n/a	MILK	-999	-999	0	RepFR1	3	R1590T
111.416	0.167	120862	REC_END	n/a	n/a	n/a	-999	-999	0	RepFR1	3	R1590T
111.583	15.586	121029	TRIAL_START	n/a	n/a	n/a	-999	-999	1	RepFR1	3	R1590T
127.169	3.0	136615	COUNTDOWN	n/a	n/a	n/a	-999	-999	1	RepFR1	3	R1590T
131.32	0.75	140766	WORD	n/a	wordpools/wordpool_EN.txt	RICE	0	3	1	RepFR1	3	R1590T
132.953	0.75	142399	WORD	n/a	wordpools/wordpool_EN.txt	HOUSE	1	2	1	RepFR1	3	R1590T
134.637	0.75	144083	WORD	n/a	wordpools/wordpool_EN.txt	LODGE	2	3	1	RepFR1	3	R1590T
136.237	0.75	145683	WORD	n/a	wordpools/wordpool_EN.txt	SPONGE	3	2	1	RepFR1	3	R1590T
137.987	0.75	147433	WORD	n/a	wordpools/wordpool_EN.txt	FLEET	4	3	1	RepFR1	3	R1590T
139.505	0.75	148951	WORD	n/a	wordpools/wordpool_EN.txt	ROCK	5	1	1	RepFR1	3	R1590T
141.021	0.75	150467	WORD	n/a	wordpools/wordpool_EN.txt	CART	6	3	1	RepFR1	3	R1590T
142.755	0.75	152201	WORD	n/a	wordpools/wordpool_EN.txt	FLEET	7	3	1	RepFR1	3	R1590T
144.388	0.75	153834	WORD	n/a	wordpools/wordpool_EN.txt	CROSS	8	3	1	RepFR1	3	R1590T
145.971	0.75	155417	WORD	n/a	wordpools/wordpool_EN.txt	LODGE	9	3	1	RepFR1	3	R1590T
147.489	0.75	156935	WORD	n/a	wordpools/wordpool_EN.txt	SPONGE	10	2	1	RepFR1	3	R1590T
149.205	0.75	158651	WORD	n/a	wordpools/wordpool_EN.txt	BREAD	11	2	1	RepFR1	3	R1590T
150.839	0.75	160285	WORD	n/a	wordpools/wordpool_EN.txt	RICE	12	3	1	RepFR1	3	R1590T
152.573	0.75	162019	WORD	n/a	wordpools/wordpool_EN.txt	INK	13	1	1	RepFR1	3	R1590T
154.106	0.75	163552	WORD	n/a	wordpools/wordpool_EN.txt	WASP	14	3	1	RepFR1	3	R1590T
155.789	0.75	165235	WORD	n/a	wordpools/wordpool_EN.txt	LODGE	15	3	1	RepFR1	3	R1590T
157.523	0.75	166969	WORD	n/a	wordpools/wordpool_EN.txt	WASP	16	3	1	RepFR1	3	R1590T
159.074	0.75	168520	WORD	n/a	wordpools/wordpool_EN.txt	HOUSE	17	2	1	RepFR1	3	R1590T
160.824	0.75	170270	WORD	n/a	wordpools/wordpool_EN.txt	TAIL	18	1	1	RepFR1	3	R1590T
162.457	0.75	171903	WORD	n/a	wordpools/wordpool_EN.txt	FLEET	19	3	1	RepFR1	3	R1590T
163.991	0.75	173437	WORD	n/a	wordpools/wordpool_EN.txt	CROSS	20	3	1	RepFR1	3	R1590T
165.693	0.75	175139	WORD	n/a	wordpools/wordpool_EN.txt	BREAD	21	2	1	RepFR1	3	R1590T
167.275	0.75	176721	WORD	n/a	wordpools/wordpool_EN.txt	WASP	22	3	1	RepFR1	3	R1590T
168.959	0.75	178405	WORD	n/a	wordpools/wordpool_EN.txt	CROSS	23	3	1	RepFR1	3	R1590T
170.692	0.75	180138	WORD	n/a	wordpools/wordpool_EN.txt	CART	24	3	1	RepFR1	3	R1590T
172.376	0.75	181822	WORD	n/a	wordpools/wordpool_EN.txt	RICE	25	3	1	RepFR1	3	R1590T
174.043	0.75	183489	WORD	n/a	wordpools/wordpool_EN.txt	CART	26	3	1	RepFR1	3	R1590T
183.161	0.944	192607	REC_START	n/a	n/a	n/a	-999	-999	1	RepFR1	3	R1590T
184.105	1.343	193551	REC_WORD	0.944	n/a	CROSS	-999	3	1	RepFR1	3	R1590T
185.448	1.139	194894	REC_WORD	2.287	n/a	CART	-999	3	1	RepFR1	3	R1590T
186.587	1.304	196033	REC_WORD_VV	3.426	n/a	<>	-999	-999	1	RepFR1	3	R1590T
187.891	2.221	197337	REC_WORD	4.73	n/a	SHARK	-999	3	1	RepFR1	3	R1590T
190.112	23.281	199558	REC_WORD	6.951	n/a	FLEET	-999	3	1	RepFR1	3	R1590T
213.393	0.055	222839	REC_END	n/a	n/a	n/a	-999	-999	1	RepFR1	3	R1590T
213.448	9.068	222894	TRIAL_START	n/a	n/a	n/a	-999	-999	2	RepFR1	3	R1590T
222.516	3.0	231962	COUNTDOWN	n/a	n/a	n/a	-999	-999	2	RepFR1	3	R1590T
226.633	0.75	236079	WORD	n/a	wordpools/wordpool_EN.txt	GLOBE	0	3	2	RepFR1	3	R1590T
228.3	0.75	237746	WORD	n/a	wordpools/wordpool_EN.txt	FOX	1	1	2	RepFR1	3	R1590T
229.833	0.75	239279	WORD	n/a	wordpools/wordpool_EN.txt	PIPE	2	2	2	RepFR1	3	R1590T
231.384	0.75	240830	WORD	n/a	wordpools/wordpool_EN.txt	NAIL	3	2	2	RepFR1	3	R1590T
233.05	0.75	242496	WORD	n/a	wordpools/wordpool_EN.txt	POND	4	3	2	RepFR1	3	R1590T
234.618	0.75	244064	WORD	n/a	wordpools/wordpool_EN.txt	NAIL	5	2	2	RepFR1	3	R1590T
236.184	0.75	245630	WORD	n/a	wordpools/wordpool_EN.txt	PLAID	6	3	2	RepFR1	3	R1590T
237.834	0.75	247280	WORD	n/a	wordpools/wordpool_EN.txt	CHIEF	7	3	2	RepFR1	3	R1590T
239.485	0.75	248931	WORD	n/a	wordpools/wordpool_EN.txt	PLAID	8	3	2	RepFR1	3	R1590T
241.136	0.75	250582	WORD	n/a	wordpools/wordpool_EN.txt	POND	9	3	2	RepFR1	3	R1590T
242.769	0.75	252215	WORD	n/a	wordpools/wordpool_EN.txt	GLOBE	10	3	2	RepFR1	3	R1590T
244.403	0.75	253849	WORD	n/a	wordpools/wordpool_EN.txt	SOCK	11	3	2	RepFR1	3	R1590T
245.953	0.75	255399	WORD	n/a	wordpools/wordpool_EN.txt	CLIFF	12	3	2	RepFR1	3	R1590T
247.603	0.75	257049	WORD	n/a	wordpools/wordpool_EN.txt	CHIEF	13	3	2	RepFR1	3	R1590T
249.236	0.75	258682	WORD	n/a	wordpools/wordpool_EN.txt	CLIFF	14	3	2	RepFR1	3	R1590T
250.936	0.75	260382	WORD	n/a	wordpools/wordpool_EN.txt	BOOK	15	1	2	RepFR1	3	R1590T
252.454	0.75	261900	WORD	n/a	wordpools/wordpool_EN.txt	SOCK	16	3	2	RepFR1	3	R1590T
254.088	0.75	263534	WORD	n/a	wordpools/wordpool_EN.txt	PET	17	2	2	RepFR1	3	R1590T
255.671	0.75	265117	WORD	n/a	wordpools/wordpool_EN.txt	CLIFF	18	3	2	RepFR1	3	R1590T
257.239	0.75	266685	WORD	n/a	wordpools/wordpool_EN.txt	BROOM	19	1	2	RepFR1	3	R1590T
258.938	0.75	268384	WORD	n/a	wordpools/wordpool_EN.txt	PLAID	20	3	2	RepFR1	3	R1590T
260.589	0.75	270035	WORD	n/a	wordpools/wordpool_EN.txt	POND	21	3	2	RepFR1	3	R1590T
262.105	0.75	271551	WORD	n/a	wordpools/wordpool_EN.txt	PET	22	2	2	RepFR1	3	R1590T
263.771	0.75	273217	WORD	n/a	wordpools/wordpool_EN.txt	PIPE	23	2	2	RepFR1	3	R1590T
265.455	0.75	274901	WORD	n/a	wordpools/wordpool_EN.txt	CHIEF	24	3	2	RepFR1	3	R1590T
267.089	0.75	276535	WORD	n/a	wordpools/wordpool_EN.txt	SOCK	25	3	2	RepFR1	3	R1590T
268.656	0.75	278102	WORD	n/a	wordpools/wordpool_EN.txt	GLOBE	26	3	2	RepFR1	3	R1590T
277.858	1.402	287304	REC_START	n/a	n/a	n/a	-999	-999	2	RepFR1	3	R1590T
279.26	1.034	288706	REC_WORD	1.402	n/a	CHIEF	-999	3	2	RepFR1	3	R1590T
280.294	0.985	289740	REC_WORD	2.436	n/a	CLIFF	-999	3	2	RepFR1	3	R1590T
281.279	1.017	290725	REC_WORD	3.421	n/a	PIPE	-999	2	2	RepFR1	3	R1590T
282.296	1.772	291742	REC_WORD	4.438	n/a	FOX	-999	1	2	RepFR1	3	R1590T
284.068	2.416	293514	REC_WORD_VV	6.21	n/a	<>	-999	-999	2	RepFR1	3	R1590T
286.484	1.002	295930	REC_WORD	8.626	n/a	PLAID	-999	3	2	RepFR1	3	R1590T
287.486	1.054	296932	REC_WORD	9.628	n/a	GLOBE	-999	3	2	RepFR1	3	R1590T
288.54	19.546	297986	REC_WORD	10.682	n/a	POND	-999	3	2	RepFR1	3	R1590T
308.086	0.041	317532	REC_END	n/a	n/a	n/a	-999	-999	2	RepFR1	3	R1590T
308.127	9.019	317573	TRIAL_START	n/a	n/a	n/a	-999	-999	3	RepFR1	3	R1590T
317.146	3.0	326592	COUNTDOWN	n/a	n/a	n/a	-999	-999	3	RepFR1	3	R1590T
321.364	0.75	330810	WORD	n/a	wordpools/wordpool_EN.txt	SLUSH	0	3	3	RepFR1	3	R1590T
322.93	0.75	332376	WORD	n/a	wordpools/wordpool_EN.txt	BLOOM	1	3	3	RepFR1	3	R1590T
324.531	0.75	333977	WORD	n/a	wordpools/wordpool_EN.txt	MUG	2	3	3	RepFR1	3	R1590T
326.064	0.75	335510	WORD	n/a	wordpools/wordpool_EN.txt	BLOOM	3	3	3	RepFR1	3	R1590T
327.581	0.75	337027	WORD	n/a	wordpools/wordpool_EN.txt	HILL	4	2	3	RepFR1	3	R1590T
329.198	0.75	338644	WORD	n/a	wordpools/wordpool_EN.txt	MUG	5	3	3	RepFR1	3	R1590T
330.832	0.75	340278	WORD	n/a	wordpools/wordpool_EN.txt	MOUSE	6	3	3	RepFR1	3	R1590T
332.549	0.75	341995	WORD	n/a	wordpools/wordpool_EN.txt	LINT	7	3	3	RepFR1	3	R1590T
334.165	0.75	343611	WORD	n/a	wordpools/wordpool_EN.txt	SLUSH	8	3	3	RepFR1	3	R1590T
335.682	0.75	345128	WORD	n/a	wordpools/wordpool_EN.txt	FAN	9	1	3	RepFR1	3	R1590T
337.266	0.75	346712	WORD	n/a	wordpools/wordpool_EN.txt	SCOTCH	10	2	3	RepFR1	3	R1590T
338.999	0.75	348445	WORD	n/a	wordpools/wordpool_EN.txt	HILL	11	2	3	RepFR1	3	R1590T
340.732	0.75	350178	WORD	n/a	wordpools/wordpool_EN.txt	MUG	12	3	3	RepFR1	3	R1590T
342.416	0.75	351862	WORD	n/a	wordpools/wordpool_EN.txt	SLUSH	13	3	3	RepFR1	3	R1590T
343.949	0.75	353395	WORD	n/a	wordpools/wordpool_EN.txt	SCOTCH	14	2	3	RepFR1	3	R1590T
345.683	0.75	355129	WORD	n/a	wordpools/wordpool_EN.txt	MOUSE	15	3	3	RepFR1	3	R1590T
347.283	0.75	356729	WORD	n/a	wordpools/wordpool_EN.txt	GRASS	16	1	3	RepFR1	3	R1590T
348.867	0.75	358313	WORD	n/a	wordpools/wordpool_EN.txt	LAND	17	3	3	RepFR1	3	R1590T
350.384	0.75	359830	WORD	n/a	wordpools/wordpool_EN.txt	LINT	18	3	3	RepFR1	3	R1590T
351.985	0.75	361431	WORD	n/a	wordpools/wordpool_EN.txt	QUAIL	19	2	3	RepFR1	3	R1590T
353.735	0.75	363181	WORD	n/a	wordpools/wordpool_EN.txt	MOOSE	20	1	3	RepFR1	3	R1590T
355.452	0.75	364898	WORD	n/a	wordpools/wordpool_EN.txt	MOUSE	21	3	3	RepFR1	3	R1590T
357.052	0.75	366498	WORD	n/a	wordpools/wordpool_EN.txt	LAND	22	3	3	RepFR1	3	R1590T
358.652	0.75	368098	WORD	n/a	wordpools/wordpool_EN.txt	LINT	23	3	3	RepFR1	3	R1590T
360.252	0.75	369698	WORD	n/a	wordpools/wordpool_EN.txt	LAND	24	3	3	RepFR1	3	R1590T
361.919	0.75	371365	WORD	n/a	wordpools/wordpool_EN.txt	BLOOM	25	3	3	RepFR1	3	R1590T
363.569	0.75	373015	WORD	n/a	wordpools/wordpool_EN.txt	QUAIL	26	2	3	RepFR1	3	R1590T
372.77	1.004	382216	REC_START	n/a	n/a	n/a	-999	-999	3	RepFR1	3	R1590T
373.774	0.339	383220	REC_WORD_VV	1.004	n/a	<>	-999	-999	3	RepFR1	3	R1590T
374.113	1.434	383559	REC_WORD	1.343	n/a	QUAIL	-999	2	3	RepFR1	3	R1590T
375.547	1.117	384993	REC_WORD	2.777	n/a	MOUSE	-999	3	3	RepFR1	3	R1590T
376.664	0.946	386110	REC_WORD	3.894	n/a	LINT	-999	3	3	RepFR1	3	R1590T
377.61	3.056	387056	REC_WORD	4.84	n/a	MOOSE	-999	1	3	RepFR1	3	R1590T
380.666	14.113	390112	REC_WORD	7.896	n/a	BLOOM	-999	3	3	RepFR1	3	R1590T
394.779	0.693	404225	REC_WORD	22.009	n/a	GLAD	-999	-999	3	RepFR1	3	R1590T
395.472	7.513	404918	REC_WORD	22.702	n/a	CLOTH	-999	3	3	RepFR1	3	R1590T
402.985	0.055	412431	REC_END	n/a	n/a	n/a	-999	-999	3	RepFR1	3	R1590T
403.04	8.585	412486	TRIAL_START	n/a	n/a	n/a	-999	-999	4	RepFR1	3	R1590T
411.625	3.0	421071	COUNTDOWN	n/a	n/a	n/a	-999	-999	4	RepFR1	3	R1590T
415.843	0.75	425289	WORD	n/a	wordpools/wordpool_EN.txt	ROOT	0	1	4	RepFR1	3	R1590T
417.477	0.75	426923	WORD	n/a	wordpools/wordpool_EN.txt	BADGE	1	3	4	RepFR1	3	R1590T
419.144	0.75	428590	WORD	n/a	wordpools/wordpool_EN.txt	ICE	2	1	4	RepFR1	3	R1590T
420.893	0.75	430339	WORD	n/a	wordpools/wordpool_EN.txt	SKY	3	2	4	RepFR1	3	R1590T
422.411	0.75	431857	WORD	n/a	wordpools/wordpool_EN.txt	SUN	4	2	4	RepFR1	3	R1590T
424.162	0.75	433608	WORD	n/a	wordpools/wordpool_EN.txt	FRUIT	5	3	4	RepFR1	3	R1590T
425.879	0.75	435325	WORD	n/a	wordpools/wordpool_EN.txt	HOOD	6	3	4	RepFR1	3	R1590T
427.629	0.75	437075	WORD	n/a	wordpools/wordpool_EN.txt	TRENCH	7	3	4	RepFR1	3	R1590T
429.245	0.75	438691	WORD	n/a	wordpools/wordpool_EN.txt	FRUIT	8	3	4	RepFR1	3	R1590T
430.778	0.75	440224	WORD	n/a	wordpools/wordpool_EN.txt	HOOD	9	3	4	RepFR1	3	R1590T
432.379	0.75	441825	WORD	n/a	wordpools/wordpool_EN.txt	BAT	10	3	4	RepFR1	3	R1590T
433.929	0.75	443375	WORD	n/a	wordpools/wordpool_EN.txt	TANK	11	1	4	RepFR1	3	R1590T
435.479	0.75	444925	WORD	n/a	wordpools/wordpool_EN.txt	BADGE	12	3	4	RepFR1	3	R1590T
437.147	0.75	446593	WORD	n/a	wordpools/wordpool_EN.txt	SKY	13	2	4	RepFR1	3	R1590T
438.814	0.75	448260	WORD	n/a	wordpools/wordpool_EN.txt	BADGE	14	3	4	RepFR1	3	R1590T
440.347	0.75	449793	WORD	n/a	wordpools/wordpool_EN.txt	TRENCH	15	3	4	RepFR1	3	R1590T
441.864	0.75	451310	WORD	n/a	wordpools/wordpool_EN.txt	SUN	16	2	4	RepFR1	3	R1590T
443.448	0.75	452894	WORD	n/a	wordpools/wordpool_EN.txt	WOLF	17	2	4	RepFR1	3	R1590T
445.131	0.75	454577	WORD	n/a	wordpools/wordpool_EN.txt	BAT	18	3	4	RepFR1	3	R1590T
446.731	0.75	456177	WORD	n/a	wordpools/wordpool_EN.txt	SLUG	19	3	4	RepFR1	3	R1590T
448.415	0.75	457861	WORD	n/a	wordpools/wordpool_EN.txt	HOOD	20	3	4	RepFR1	3	R1590T
449.998	0.75	459444	WORD	n/a	wordpools/wordpool_EN.txt	FRUIT	21	3	4	RepFR1	3	R1590T
451.599	0.75	461045	WORD	n/a	wordpools/wordpool_EN.txt	SLUG	22	3	4	RepFR1	3	R1590T
453.132	0.75	462578	WORD	n/a	wordpools/wordpool_EN.txt	BAT	23	3	4	RepFR1	3	R1590T
454.682	0.75	464128	WORD	n/a	wordpools/wordpool_EN.txt	SLUG	24	3	4	RepFR1	3	R1590T
456.249	0.75	465695	WORD	n/a	wordpools/wordpool_EN.txt	TRENCH	25	3	4	RepFR1	3	R1590T
457.866	0.75	467312	WORD	n/a	wordpools/wordpool_EN.txt	WOLF	26	2	4	RepFR1	3	R1590T
467.085	0.4	476531	REC_START	n/a	n/a	n/a	-999	-999	4	RepFR1	3	R1590T
467.485	0.522	476931	REC_WORD_VV	0.4	n/a	<>	-999	-999	4	RepFR1	3	R1590T
468.007	0.726	477453	REC_WORD	0.922	n/a	WOLF	-999	2	4	RepFR1	3	R1590T
468.733	1.973	478179	REC_WORD	1.648	n/a	SLUG	-999	3	4	RepFR1	3	R1590T
470.706	1.052	480152	REC_WORD	3.621	n/a	CLAM	-999	3	4	RepFR1	3	R1590T
471.758	2.45	481204	REC_WORD	4.673	n/a	TRENCH	-999	3	4	RepFR1	3	R1590T
474.208	23.082	483654	REC_WORD	7.123	n/a	FRUIT	-999	3	4	RepFR1	3	R1590T
497.29	0.058	506736	REC_END	n/a	n/a	n/a	-999	-999	4	RepFR1	3	R1590T
497.348	8.825	506794	TRIAL_START	n/a	n/a	n/a	-999	-999	5	RepFR1	3	R1590T
506.173	3.0	515619	COUNTDOWN	n/a	n/a	n/a	-999	-999	5	RepFR1	3	R1590T
510.439	0.75	519885	WORD	n/a	wordpools/wordpool_EN.txt	COIN	0	3	5	RepFR1	3	R1590T
512.074	0.75	521520	WORD	n/a	wordpools/wordpool_EN.txt	DUST	1	3	5	RepFR1	3	R1590T
513.741	0.75	523187	WORD	n/a	wordpools/wordpool_EN.txt	SNAKE	2	3	5	RepFR1	3	R1590T
515.292	0.75	524738	WORD	n/a	wordpools/wordpool_EN.txt	BEAST	3	3	5	RepFR1	3	R1590T
516.958	0.75	526404	WORD	n/a	wordpools/wordpool_EN.txt	THRONE	4	1	5	RepFR1	3	R1590T
518.693	0.75	528139	WORD	n/a	wordpools/wordpool_EN.txt	SKATE	5	1	5	RepFR1	3	R1590T
520.225	0.75	529671	WORD	n/a	wordpools/wordpool_EN.txt	BROOK	6	3	5	RepFR1	3	R1590T
521.875	0.75	531321	WORD	n/a	wordpools/wordpool_EN.txt	SMILE	7	2	5	RepFR1	3	R1590T
523.56	0.75	533006	WORD	n/a	wordpools/wordpool_EN.txt	DUST	8	3	5	RepFR1	3	R1590T
525.226	0.75	534672	WORD	n/a	wordpools/wordpool_EN.txt	BEAST	9	3	5	RepFR1	3	R1590T
526.976	0.75	536422	WORD	n/a	wordpools/wordpool_EN.txt	POOL	10	3	5	RepFR1	3	R1590T
528.625	0.75	538071	WORD	n/a	wordpools/wordpool_EN.txt	DUST	11	3	5	RepFR1	3	R1590T
530.227	0.75	539673	WORD	n/a	wordpools/wordpool_EN.txt	GLASS	12	2	5	RepFR1	3	R1590T
531.76	0.75	541206	WORD	n/a	wordpools/wordpool_EN.txt	BIRD	13	2	5	RepFR1	3	R1590T
533.294	0.75	542740	WORD	n/a	wordpools/wordpool_EN.txt	COIN	14	3	5	RepFR1	3	R1590T
534.811	0.75	544257	WORD	n/a	wordpools/wordpool_EN.txt	SNAKE	15	3	5	RepFR1	3	R1590T
536.429	0.75	545875	WORD	n/a	wordpools/wordpool_EN.txt	BIRD	16	2	5	RepFR1	3	R1590T
537.961	0.75	547407	WORD	n/a	wordpools/wordpool_EN.txt	COIN	17	3	5	RepFR1	3	R1590T
539.694	0.75	549140	WORD	n/a	wordpools/wordpool_EN.txt	BROOK	18	3	5	RepFR1	3	R1590T
541.344	0.75	550790	WORD	n/a	wordpools/wordpool_EN.txt	BUG	19	1	5	RepFR1	3	R1590T
542.896	0.75	552342	WORD	n/a	wordpools/wordpool_EN.txt	SMILE	20	2	5	RepFR1	3	R1590T
544.446	0.75	553892	WORD	n/a	wordpools/wordpool_EN.txt	BEAST	21	3	5	RepFR1	3	R1590T
546.096	0.75	555542	WORD	n/a	wordpools/wordpool_EN.txt	SNAKE	22	3	5	RepFR1	3	R1590T
547.763	0.75	557209	WORD	n/a	wordpools/wordpool_EN.txt	POOL	23	3	5	RepFR1	3	R1590T
549.329	0.75	558775	WORD	n/a	wordpools/wordpool_EN.txt	BROOK	24	3	5	RepFR1	3	R1590T
551.028	0.75	560474	WORD	n/a	wordpools/wordpool_EN.txt	POOL	25	3	5	RepFR1	3	R1590T
552.646	0.75	562092	WORD	n/a	wordpools/wordpool_EN.txt	GLASS	26	2	5	RepFR1	3	R1590T
561.832	1.758	571278	REC_START	n/a	n/a	n/a	-999	-999	5	RepFR1	3	R1590T
563.59	0.717	573036	REC_WORD_VV	1.758	n/a	<>	-999	-999	5	RepFR1	3	R1590T
564.307	1.313	573753	REC_WORD	2.475	n/a	POOL	-999	3	5	RepFR1	3	R1590T
565.62	1.671	575066	REC_WORD	3.788	n/a	GLASS	-999	2	5	RepFR1	3	R1590T
567.291	1.459	576737	REC_WORD	5.459	n/a	SNAKE	-999	3	5	RepFR1	3	R1590T
568.75	23.303	578196	REC_WORD	6.918	n/a	BEAST	-999	3	5	RepFR1	3	R1590T
592.053	0.047	601499	REC_END	n/a	n/a	n/a	-999	-999	5	RepFR1	3	R1590T
592.1	9.354	601546	TRIAL_START	n/a	n/a	n/a	-999	-999	6	RepFR1	3	R1590T
601.454	3.0	610900	COUNTDOWN	n/a	n/a	n/a	-999	-999	6	RepFR1	3	R1590T
605.72	0.75	615166	WORD	n/a	wordpools/wordpool_EN.txt	PLANT	0	3	6	RepFR1	3	R1590T
607.42	0.75	616866	WORD	n/a	wordpools/wordpool_EN.txt	SINK	1	2	6	RepFR1	3	R1590T
608.972	0.75	618418	WORD	n/a	wordpools/wordpool_EN.txt	INN	2	2	6	RepFR1	3	R1590T
610.57	0.75	620016	WORD	n/a	wordpools/wordpool_EN.txt	VINE	3	2	6	RepFR1	3	R1590T
612.188	0.75	621634	WORD	n/a	wordpools/wordpool_EN.txt	STEAK	4	3	6	RepFR1	3	R1590T
613.774	0.75	623220	WORD	n/a	wordpools/wordpool_EN.txt	HORN	5	3	6	RepFR1	3	R1590T
615.404	0.75	624850	WORD	n/a	wordpools/wordpool_EN.txt	VINE	6	2	6	RepFR1	3	R1590T
616.921	0.75	626367	WORD	n/a	wordpools/wordpool_EN.txt	PLANT	7	3	6	RepFR1	3	R1590T
618.522	0.75	627968	WORD	n/a	wordpools/wordpool_EN.txt	SINK	8	2	6	RepFR1	3	R1590T
620.056	0.75	629502	WORD	n/a	wordpools/wordpool_EN.txt	CARD	9	3	6	RepFR1	3	R1590T
621.772	0.75	631218	WORD	n/a	wordpools/wordpool_EN.txt	PRINCE	10	1	6	RepFR1	3	R1590T
623.307	0.75	632753	WORD	n/a	wordpools/wordpool_EN.txt	SWAMP	11	3	6	RepFR1	3	R1590T
624.874	0.75	634320	WORD	n/a	wordpools/wordpool_EN.txt	STEAK	12	3	6	RepFR1	3	R1590T
626.407	0.75	635853	WORD	n/a	wordpools/wordpool_EN.txt	CARD	13	3	6	RepFR1	3	R1590T
627.957	0.75	637403	WORD	n/a	wordpools/wordpool_EN.txt	SWAMP	14	3	6	RepFR1	3	R1590T
629.574	0.75	639020	WORD	n/a	wordpools/wordpool_EN.txt	SLIME	15	3	6	RepFR1	3	R1590T
631.14	0.75	640586	WORD	n/a	wordpools/wordpool_EN.txt	HORN	16	3	6	RepFR1	3	R1590T
632.724	0.75	642170	WORD	n/a	wordpools/wordpool_EN.txt	FUR	17	1	6	RepFR1	3	R1590T
634.358	0.75	643804	WORD	n/a	wordpools/wordpool_EN.txt	PLANT	18	3	6	RepFR1	3	R1590T
635.925	0.75	645371	WORD	n/a	wordpools/wordpool_EN.txt	SWAMP	19	3	6	RepFR1	3	R1590T
637.475	0.75	646921	WORD	n/a	wordpools/wordpool_EN.txt	CLOCK	20	1	6	RepFR1	3	R1590T
639.174	0.75	648620	WORD	n/a	wordpools/wordpool_EN.txt	STEAK	21	3	6	RepFR1	3	R1590T
640.909	0.75	650355	WORD	n/a	wordpools/wordpool_EN.txt	HORN	22	3	6	RepFR1	3	R1590T
642.509	0.75	651955	WORD	n/a	wordpools/wordpool_EN.txt	SLIME	23	3	6	RepFR1	3	R1590T
644.177	0.75	653623	WORD	n/a	wordpools/wordpool_EN.txt	INN	24	2	6	RepFR1	3	R1590T
645.86	0.75	655306	WORD	n/a	wordpools/wordpool_EN.txt	CARD	25	3	6	RepFR1	3	R1590T
647.593	0.75	657039	WORD	n/a	wordpools/wordpool_EN.txt	SLIME	26	3	6	RepFR1	3	R1590T
656.844	1.81	666290	REC_START	n/a	n/a	n/a	-999	-999	6	RepFR1	3	R1590T
658.654	0.948	668100	REC_WORD_VV	1.81	n/a	<>	-999	-999	6	RepFR1	3	R1590T
659.602	1.428	669048	REC_WORD	2.758	n/a	STEAK	-999	3	6	RepFR1	3	R1590T
661.03	1.241	670476	REC_WORD	4.186	n/a	INN	-999	2	6	RepFR1	3	R1590T
662.271	1.862	671717	REC_WORD	5.427	n/a	SWAMP	-999	3	6	RepFR1	3	R1590T
664.133	10.848	673579	REC_WORD_VV	7.289	n/a	<>	-999	-999	6	RepFR1	3	R1590T
674.981	12.077	684427	REC_WORD	18.137	n/a	CLOCK	-999	1	6	RepFR1	3	R1590T
687.058	0.048	696504	REC_END	n/a	n/a	n/a	-999	-999	6	RepFR1	3	R1590T
687.106	8.726	696552	TRIAL_START	n/a	n/a	n/a	-999	-999	7	RepFR1	3	R1590T
695.832	3.0	705278	COUNTDOWN	n/a	n/a	n/a	-999	-999	7	RepFR1	3	R1590T
699.949	0.75	709395	WORD	n/a	wordpools/wordpool_EN.txt	HEART	0	3	7	RepFR1	3	R1590T
701.584	0.75	711030	WORD	n/a	wordpools/wordpool_EN.txt	ROD	1	3	7	RepFR1	3	R1590T
703.101	0.75	712547	WORD	n/a	wordpools/wordpool_EN.txt	CAGE	2	1	7	RepFR1	3	R1590T
704.768	0.75	714214	WORD	n/a	wordpools/wordpool_EN.txt	TOOTH	3	3	7	RepFR1	3	R1590T
706.485	0.75	715931	WORD	n/a	wordpools/wordpool_EN.txt	ROD	4	3	7	RepFR1	3	R1590T
708.152	0.75	717598	WORD	n/a	wordpools/wordpool_EN.txt	SEAL	5	2	7	RepFR1	3	R1590T
709.785	0.75	719231	WORD	n/a	wordpools/wordpool_EN.txt	ROD	6	3	7	RepFR1	3	R1590T
711.368	0.75	720814	WORD	n/a	wordpools/wordpool_EN.txt	WEED	7	3	7	RepFR1	3	R1590T
713.019	0.75	722465	WORD	n/a	wordpools/wordpool_EN.txt	SEAL	8	2	7	RepFR1	3	R1590T
714.536	0.75	723982	WORD	n/a	wordpools/wordpool_EN.txt	WAVE	9	2	7	RepFR1	3	R1590T
716.069	0.75	725515	WORD	n/a	wordpools/wordpool_EN.txt	BRANCH	10	2	7	RepFR1	3	R1590T
717.703	0.75	727149	WORD	n/a	wordpools/wordpool_EN.txt	CLOWN	11	3	7	RepFR1	3	R1590T
719.437	0.75	728883	WORD	n/a	wordpools/wordpool_EN.txt	CRIB	12	3	7	RepFR1	3	R1590T
720.97	0.75	730416	WORD	n/a	wordpools/wordpool_EN.txt	CLOWN	13	3	7	RepFR1	3	R1590T
722.687	0.75	732133	WORD	n/a	wordpools/wordpool_EN.txt	TEETH	14	1	7	RepFR1	3	R1590T
724.203	0.75	733649	WORD	n/a	wordpools/wordpool_EN.txt	BRANCH	15	2	7	RepFR1	3	R1590T
725.754	0.75	735200	WORD	n/a	wordpools/wordpool_EN.txt	HEART	16	3	7	RepFR1	3	R1590T
727.272	0.75	736718	WORD	n/a	wordpools/wordpool_EN.txt	TOOTH	17	3	7	RepFR1	3	R1590T
728.872	0.75	738318	WORD	n/a	wordpools/wordpool_EN.txt	HEART	18	3	7	RepFR1	3	R1590T
730.537	0.75	739983	WORD	n/a	wordpools/wordpool_EN.txt	WAVE	19	2	7	RepFR1	3	R1590T
732.205	0.75	741651	WORD	n/a	wordpools/wordpool_EN.txt	CRIB	20	3	7	RepFR1	3	R1590T
733.705	0.75	743151	WORD	n/a	wordpools/wordpool_EN.txt	TOOTH	21	3	7	RepFR1	3	R1590T
735.322	0.75	744768	WORD	n/a	wordpools/wordpool_EN.txt	WEED	22	3	7	RepFR1	3	R1590T
736.939	0.75	746385	WORD	n/a	wordpools/wordpool_EN.txt	CRIB	23	3	7	RepFR1	3	R1590T
738.472	0.75	747918	WORD	n/a	wordpools/wordpool_EN.txt	THUMB	24	1	7	RepFR1	3	R1590T
740.156	0.75	749602	WORD	n/a	wordpools/wordpool_EN.txt	WEED	25	3	7	RepFR1	3	R1590T
741.79	0.75	751236	WORD	n/a	wordpools/wordpool_EN.txt	CLOWN	26	3	7	RepFR1	3	R1590T
750.991	1.374	760437	REC_START	n/a	n/a	n/a	-999	-999	7	RepFR1	3	R1590T
752.365	1.02	761811	REC_WORD	1.374	n/a	CLOWN	-999	3	7	RepFR1	3	R1590T
753.385	10.0	762831	REC_WORD	2.394	n/a	WEED	-999	3	7	RepFR1	3	R1590T
763.385	1.104	772831	REC_WORD	12.394	n/a	HEART	-999	3	7	RepFR1	3	R1590T
764.489	1.558	773935	REC_WORD	13.498	n/a	ROD	-999	3	7	RepFR1	3	R1590T
766.047	1.08	775493	REC_WORD	15.056	n/a	CAVE	-999	3	7	RepFR1	3	R1590T
767.127	14.057	776573	REC_WORD	16.136	n/a	TOOTH	-999	3	7	RepFR1	3	R1590T
781.184	0.043	790630	REC_END	n/a	n/a	n/a	-999	-999	7	RepFR1	3	R1590T
781.227	9.019	790673	TRIAL_START	n/a	n/a	n/a	-999	-999	8	RepFR1	3	R1590T
790.246	3.0	799692	COUNTDOWN	n/a	n/a	n/a	-999	-999	8	RepFR1	3	R1590T
794.397	0.75	803843	WORD	n/a	wordpools/wordpool_EN.txt	STAIR	0	3	8	RepFR1	3	R1590T
796.03	0.75	805476	WORD	n/a	wordpools/wordpool_EN.txt	QUEEN	1	3	8	RepFR1	3	R1590T
797.764	0.75	807210	WORD	n/a	wordpools/wordpool_EN.txt	CHIN	2	2	8	RepFR1	3	R1590T
799.347	0.75	808793	WORD	n/a	wordpools/wordpool_EN.txt	OAR	3	3	8	RepFR1	3	R1590T
800.964	0.75	810410	WORD	n/a	wordpools/wordpool_EN.txt	RAIL	4	3	8	RepFR1	3	R1590T
802.681	0.75	812127	WORD	n/a	wordpools/wordpool_EN.txt	JUDGE	5	3	8	RepFR1	3	R1590T
804.315	0.75	813761	WORD	n/a	wordpools/wordpool_EN.txt	RAFT	6	1	8	RepFR1	3	R1590T
805.866	0.75	815312	WORD	n/a	wordpools/wordpool_EN.txt	CHIN	7	2	8	RepFR1	3	R1590T
807.499	0.75	816945	WORD	n/a	wordpools/wordpool_EN.txt	HOOF	8	3	8	RepFR1	3	R1590T
809.133	0.75	818579	WORD	n/a	wordpools/wordpool_EN.txt	QUEEN	9	3	8	RepFR1	3	R1590T
810.85	0.75	820296	WORD	n/a	wordpools/wordpool_EN.txt	STAIR	10	3	8	RepFR1	3	R1590T
812.399	0.75	821845	WORD	n/a	wordpools/wordpool_EN.txt	HOOF	11	3	8	RepFR1	3	R1590T
814.032	0.75	823478	WORD	n/a	wordpools/wordpool_EN.txt	JUDGE	12	3	8	RepFR1	3	R1590T
815.634	0.75	825080	WORD	n/a	wordpools/wordpool_EN.txt	SWORD	13	1	8	RepFR1	3	R1590T
817.251	0.75	826697	WORD	n/a	wordpools/wordpool_EN.txt	RAIL	14	3	8	RepFR1	3	R1590T
818.817	0.75	828263	WORD	n/a	wordpools/wordpool_EN.txt	THREAD	15	2	8	RepFR1	3	R1590T
820.401	0.75	829847	WORD	n/a	wordpools/wordpool_EN.txt	WORM	16	2	8	RepFR1	3	R1590T
822.001	0.75	831447	WORD	n/a	wordpools/wordpool_EN.txt	BRICK	17	1	8	RepFR1	3	R1590T
823.734	0.75	833180	WORD	n/a	wordpools/wordpool_EN.txt	OAR	18	3	8	RepFR1	3	R1590T
825.335	0.75	834781	WORD	n/a	wordpools/wordpool_EN.txt	HOOF	19	3	8	RepFR1	3	R1590T
826.968	0.75	836414	WORD	n/a	wordpools/wordpool_EN.txt	THREAD	20	2	8	RepFR1	3	R1590T
828.719	0.75	838165	WORD	n/a	wordpools/wordpool_EN.txt	RAIL	21	3	8	RepFR1	3	R1590T
830.401	0.75	839847	WORD	n/a	wordpools/wordpool_EN.txt	OAR	22	3	8	RepFR1	3	R1590T
831.919	0.75	841365	WORD	n/a	wordpools/wordpool_EN.txt	STAIR	23	3	8	RepFR1	3	R1590T
833.469	0.75	842915	WORD	n/a	wordpools/wordpool_EN.txt	JUDGE	24	3	8	RepFR1	3	R1590T
835.219	0.75	844665	WORD	n/a	wordpools/wordpool_EN.txt	QUEEN	25	3	8	RepFR1	3	R1590T
836.819	0.75	846265	WORD	n/a	wordpools/wordpool_EN.txt	WORM	26	2	8	RepFR1	3	R1590T
845.987	0.742	855433	REC_START	n/a	n/a	n/a	-999	-999	8	RepFR1	3	R1590T
846.729	1.122	856175	REC_WORD	0.742	n/a	QUEEN	-999	3	8	RepFR1	3	R1590T
847.851	1.173	857297	REC_WORD	1.864	n/a	JUDGE	-999	3	8	RepFR1	3	R1590T
849.024	3.001	858470	REC_WORD	3.037	n/a	WORM	-999	2	8	RepFR1	3	R1590T
852.025	1.173	861471	REC_WORD	6.038	n/a	STAIR	-999	3	8	RepFR1	3	R1590T
853.198	2.258	862644	REC_WORD	7.211	n/a	RAIL	-999	3	8	RepFR1	3	R1590T
855.456	11.799	864902	REC_WORD	9.469	n/a	RAFT	-999	1	8	RepFR1	3	R1590T
867.255	8.937	876701	REC_WORD	21.268	n/a	SLIME	-999	3	8	RepFR1	3	R1590T
876.192	0.053	885638	REC_END	n/a	n/a	n/a	-999	-999	8	RepFR1	3	R1590T
876.245	8.465	885691	TRIAL_START	n/a	n/a	n/a	-999	-999	9	RepFR1	3	R1590T
884.71	3.0	894156	COUNTDOWN	n/a	n/a	n/a	-999	-999	9	RepFR1	3	R1590T
888.994	0.75	898440	WORD	n/a	wordpools/wordpool_EN.txt	SCARF	0	1	9	RepFR1	3	R1590T
890.577	0.75	900023	WORD	n/a	wordpools/wordpool_EN.txt	STRAW	1	3	9	RepFR1	3	R1590T
892.26	0.75	901706	WORD	n/a	wordpools/wordpool_EN.txt	PLATE	2	2	9	RepFR1	3	R1590T
894.011	0.75	903457	WORD	n/a	wordpools/wordpool_EN.txt	MOON	3	1	9	RepFR1	3	R1590T
895.545	0.75	904991	WORD	n/a	wordpools/wordpool_EN.txt	FLAG	4	1	9	RepFR1	3	R1590T
897.163	0.75	906609	WORD	n/a	wordpools/wordpool_EN.txt	PARK	5	3	9	RepFR1	3	R1590T
898.812	0.75	908258	WORD	n/a	wordpools/wordpool_EN.txt	MOP	6	3	9	RepFR1	3	R1590T
900.412	0.75	909858	WORD	n/a	wordpools/wordpool_EN.txt	PLATE	7	2	9	RepFR1	3	R1590T
902.079	0.75	911525	WORD	n/a	wordpools/wordpool_EN.txt	STICK	8	2	9	RepFR1	3	R1590T
903.664	0.75	913110	WORD	n/a	wordpools/wordpool_EN.txt	BAR	9	2	9	RepFR1	3	R1590T
905.213	0.75	914659	WORD	n/a	wordpools/wordpool_EN.txt	CRANE	10	3	9	RepFR1	3	R1590T
906.946	0.75	916392	WORD	n/a	wordpools/wordpool_EN.txt	CHEEK	11	3	9	RepFR1	3	R1590T
908.496	0.75	917942	WORD	n/a	wordpools/wordpool_EN.txt	PARK	12	3	9	RepFR1	3	R1590T
910.147	0.75	919593	WORD	n/a	wordpools/wordpool_EN.txt	CHEEK	13	3	9	RepFR1	3	R1590T
911.83	0.75	921276	WORD	n/a	wordpools/wordpool_EN.txt	DEER	14	3	9	RepFR1	3	R1590T
913.397	0.75	922843	WORD	n/a	wordpools/wordpool_EN.txt	BAR	15	2	9	RepFR1	3	R1590T
915.114	0.75	924560	WORD	n/a	wordpools/wordpool_EN.txt	DEER	16	3	9	RepFR1	3	R1590T
916.698	0.75	926144	WORD	n/a	wordpools/wordpool_EN.txt	MOP	17	3	9	RepFR1	3	R1590T
918.282	0.75	927728	WORD	n/a	wordpools/wordpool_EN.txt	CRANE	18	3	9	RepFR1	3	R1590T
919.982	0.75	929428	WORD	n/a	wordpools/wordpool_EN.txt	PARK	19	3	9	RepFR1	3	R1590T
921.715	0.75	931161	WORD	n/a	wordpools/wordpool_EN.txt	STRAW	20	3	9	RepFR1	3	R1590T
923.298	0.75	932744	WORD	n/a	wordpools/wordpool_EN.txt	CHEEK	21	3	9	RepFR1	3	R1590T
924.833	0.75	934279	WORD	n/a	wordpools/wordpool_EN.txt	STRAW	22	3	9	RepFR1	3	R1590T
926.482	0.75	935928	WORD	n/a	wordpools/wordpool_EN.txt	STICK	23	2	9	RepFR1	3	R1590T
928.015	0.75	937461	WORD	n/a	wordpools/wordpool_EN.txt	DEER	24	3	9	RepFR1	3	R1590T
929.733	0.75	939179	WORD	n/a	wordpools/wordpool_EN.txt	MOP	25	3	9	RepFR1	3	R1590T
931.433	0.75	940879	WORD	n/a	wordpools/wordpool_EN.txt	CRANE	26	3	9	RepFR1	3	R1590T
940.667	1.453	950113	REC_START	n/a	n/a	n/a	-999	-999	9	RepFR1	3	R1590T
942.12	0.59	951566	REC_WORD_VV	1.453	n/a	<>	-999	-999	9	RepFR1	3	R1590T
942.71	1.336	952156	REC_WORD	2.043	n/a	DEER	-999	3	9	RepFR1	3	R1590T
944.046	1.089	953492	REC_WORD	3.379	n/a	ARK	-999	1	9	RepFR1	3	R1590T
945.135	1.297	954581	REC_WORD	4.468	n/a	MOON	-999	1	9	RepFR1	3	R1590T
946.432	24.445	955878	REC_WORD	5.765	n/a	FLAG	-999	1	9	RepFR1	3	R1590T
970.877	0.051	980323	REC_END	n/a	n/a	n/a	-999	-999	9	RepFR1	3	R1590T
970.928	8.529	980374	TRIAL_START	n/a	n/a	n/a	-999	-999	10	RepFR1	3	R1590T
979.457	3.0	988903	COUNTDOWN	n/a	n/a	n/a	-999	-999	10	RepFR1	3	R1590T
983.641	0.75	993087	WORD	n/a	wordpools/wordpool_EN.txt	NET	0	3	10	RepFR1	3	R1590T
985.341	0.75	994787	WORD	n/a	wordpools/wordpool_EN.txt	FARM	1	2	10	RepFR1	3	R1590T
986.875	0.75	996321	WORD	n/a	wordpools/wordpool_EN.txt	SOUP	2	2	10	RepFR1	3	R1590T
988.39	0.75	997836	WORD	n/a	wordpools/wordpool_EN.txt	RAKE	3	2	10	RepFR1	3	R1590T
990.042	0.75	999488	WORD	n/a	wordpools/wordpool_EN.txt	FROG	4	3	10	RepFR1	3	R1590T
991.725	0.75	1001171	WORD	n/a	wordpools/wordpool_EN.txt	NET	5	3	10	RepFR1	3	R1590T
993.325	0.75	1002771	WORD	n/a	wordpools/wordpool_EN.txt	FROG	6	3	10	RepFR1	3	R1590T
994.926	0.75	1004372	WORD	n/a	wordpools/wordpool_EN.txt	HOLE	7	3	10	RepFR1	3	R1590T
996.643	0.75	1006089	WORD	n/a	wordpools/wordpool_EN.txt	TROUT	8	3	10	RepFR1	3	R1590T
998.275	0.75	1007721	WORD	n/a	wordpools/wordpool_EN.txt	VASE	9	3	10	RepFR1	3	R1590T
999.893	0.75	1009339	WORD	n/a	wordpools/wordpool_EN.txt	NET	10	3	10	RepFR1	3	R1590T
1001.61	0.75	1011056	WORD	n/a	wordpools/wordpool_EN.txt	TOWN	11	1	10	RepFR1	3	R1590T
1003.344	0.75	1012790	WORD	n/a	wordpools/wordpool_EN.txt	TROUT	12	3	10	RepFR1	3	R1590T
1004.894	0.75	1014340	WORD	n/a	wordpools/wordpool_EN.txt	RIB	13	3	10	RepFR1	3	R1590T
1006.627	0.75	1016073	WORD	n/a	wordpools/wordpool_EN.txt	RAKE	14	2	10	RepFR1	3	R1590T
1008.344	0.75	1017790	WORD	n/a	wordpools/wordpool_EN.txt	SLIDE	15	1	10	RepFR1	3	R1590T
1009.995	0.75	1019441	WORD	n/a	wordpools/wordpool_EN.txt	RIB	16	3	10	RepFR1	3	R1590T
1011.512	0.75	1020958	WORD	n/a	wordpools/wordpool_EN.txt	FROG	17	3	10	RepFR1	3	R1590T
1013.179	0.75	1022625	WORD	n/a	wordpools/wordpool_EN.txt	TROUT	18	3	10	RepFR1	3	R1590T
1014.878	0.75	1024324	WORD	n/a	wordpools/wordpool_EN.txt	VASE	19	3	10	RepFR1	3	R1590T
1016.496	0.75	1025942	WORD	n/a	wordpools/wordpool_EN.txt	HOLE	20	3	10	RepFR1	3	R1590T
1018.095	0.75	1027541	WORD	n/a	wordpools/wordpool_EN.txt	VASE	21	3	10	RepFR1	3	R1590T
1019.645	0.75	1029091	WORD	n/a	wordpools/wordpool_EN.txt	SOUP	22	2	10	RepFR1	3	R1590T
1021.312	0.75	1030758	WORD	n/a	wordpools/wordpool_EN.txt	BLUSH	23	1	10	RepFR1	3	R1590T
1022.914	0.75	1032360	WORD	n/a	wordpools/wordpool_EN.txt	FARM	24	2	10	RepFR1	3	R1590T
1024.43	0.75	1033876	WORD	n/a	wordpools/wordpool_EN.txt	RIB	25	3	10	RepFR1	3	R1590T
1026.129	0.75	1035575	WORD	n/a	wordpools/wordpool_EN.txt	HOLE	26	3	10	RepFR1	3	R1590T
1035.382	0.833	1044828	REC_START	n/a	n/a	n/a	-999	-999	10	RepFR1	3	R1590T
1036.215	0.975	1045661	REC_WORD	0.833	n/a	ARM	-999	-999	10	RepFR1	3	R1590T
1037.19	1.027	1046636	REC_WORD	1.808	n/a	RIB	-999	3	10	RepFR1	3	R1590T
1038.217	2.579	1047663	REC_WORD	2.835	n/a	HOLE	-999	3	10	RepFR1	3	R1590T
1040.796	1.075	1050242	REC_WORD	5.414	n/a	FROG	-999	3	10	RepFR1	3	R1590T
1041.871	11.661	1051317	REC_WORD	6.489	n/a	SOUP	-999	2	10	RepFR1	3	R1590T
1053.532	12.041	1062978	REC_WORD	18.15	n/a	VASE	-999	3	10	RepFR1	3	R1590T
1065.573	0.049	1075019	REC_END	n/a	n/a	n/a	-999	-999	10	RepFR1	3	R1590T
1065.622	8.915	1075068	TRIAL_START	n/a	n/a	n/a	-999	-999	11	RepFR1	3	R1590T
1074.537	3.0	1083983	COUNTDOWN	n/a	n/a	n/a	-999	-999	11	RepFR1	3	R1590T
1078.637	0.75	1088083	WORD	n/a	wordpools/wordpool_EN.txt	CORD	0	2	11	RepFR1	3	R1590T
1080.221	0.75	1089667	WORD	n/a	wordpools/wordpool_EN.txt	STEAM	1	3	11	RepFR1	3	R1590T
1081.787	0.75	1091233	WORD	n/a	wordpools/wordpool_EN.txt	WOOD	2	3	11	RepFR1	3	R1590T
1083.372	0.75	1092818	WORD	n/a	wordpools/wordpool_EN.txt	WIFE	3	3	11	RepFR1	3	R1590T
1084.922	0.75	1094368	WORD	n/a	wordpools/wordpool_EN.txt	CHILD	4	3	11	RepFR1	3	R1590T
1086.454	0.75	1095900	WORD	n/a	wordpools/wordpool_EN.txt	GIFT	5	1	11	RepFR1	3	R1590T
1088.038	0.75	1097484	WORD	n/a	wordpools/wordpool_EN.txt	DOG	6	1	11	RepFR1	3	R1590T
1089.722	0.75	1099168	WORD	n/a	wordpools/wordpool_EN.txt	COOK	7	2	11	RepFR1	3	R1590T
1091.456	0.75	1100902	WORD	n/a	wordpools/wordpool_EN.txt	FILM	8	3	11	RepFR1	3	R1590T
1093.089	0.75	1102535	WORD	n/a	wordpools/wordpool_EN.txt	SHEET	9	1	11	RepFR1	3	R1590T
1094.723	0.75	1104169	WORD	n/a	wordpools/wordpool_EN.txt	CORD	10	2	11	RepFR1	3	R1590T
1096.406	0.75	1105852	WORD	n/a	wordpools/wordpool_EN.txt	WIFE	11	3	11	RepFR1	3	R1590T
1098.125	0.75	1107571	WORD	n/a	wordpools/wordpool_EN.txt	PEA	12	3	11	RepFR1	3	R1590T
1099.691	0.75	1109137	WORD	n/a	wordpools/wordpool_EN.txt	WOOD	13	3	11	RepFR1	3	R1590T
1101.291	0.75	1110737	WORD	n/a	wordpools/wordpool_EN.txt	PEA	14	3	11	RepFR1	3	R1590T
1102.974	0.75	1112420	WORD	n/a	wordpools/wordpool_EN.txt	STEAM	15	3	11	RepFR1	3	R1590T
1104.591	0.75	1114037	WORD	n/a	wordpools/wordpool_EN.txt	CHILD	16	3	11	RepFR1	3	R1590T
1106.224	0.75	1115670	WORD	n/a	wordpools/wordpool_EN.txt	COOK	17	2	11	RepFR1	3	R1590T
1107.759	0.75	1117205	WORD	n/a	wordpools/wordpool_EN.txt	PEA	18	3	11	RepFR1	3	R1590T
1109.325	0.75	1118771	WORD	n/a	wordpools/wordpool_EN.txt	WHEEL	19	2	11	RepFR1	3	R1590T
1110.842	0.75	1120288	WORD	n/a	wordpools/wordpool_EN.txt	FILM	20	3	11	RepFR1	3	R1590T
1112.575	0.75	1122021	WORD	n/a	wordpools/wordpool_EN.txt	STEAM	21	3	11	RepFR1	3	R1590T
1114.291	0.75	1123737	WORD	n/a	wordpools/wordpool_EN.txt	FILM	22	3	11	RepFR1	3	R1590T
1115.977	0.75	1125423	WORD	n/a	wordpools/wordpool_EN.txt	WIFE	23	3	11	RepFR1	3	R1590T
1117.527	0.75	1126973	WORD	n/a	wordpools/wordpool_EN.txt	WHEEL	24	2	11	RepFR1	3	R1590T
1119.21	0.75	1128656	WORD	n/a	wordpools/wordpool_EN.txt	WOOD	25	3	11	RepFR1	3	R1590T
1120.926	0.75	1130372	WORD	n/a	wordpools/wordpool_EN.txt	CHILD	26	3	11	RepFR1	3	R1590T
1130.194	1.032	1139640	REC_START	n/a	n/a	n/a	-999	-999	11	RepFR1	3	R1590T
1131.226	0.934	1140672	REC_WORD	1.032	n/a	WIFE	-999	3	11	RepFR1	3	R1590T
1132.16	1.114	1141606	REC_WORD	1.966	n/a	CHILD	-999	3	11	RepFR1	3	R1590T
1133.274	1.825	1142720	REC_WORD	3.08	n/a	DOG	-999	1	11	RepFR1	3	R1590T
1135.099	1.144	1144545	REC_WORD	4.905	n/a	FILM	-999	3	11	RepFR1	3	R1590T
1136.243	24.165	1145689	REC_WORD	6.049	n/a	GIFT	-999	1	11	RepFR1	3	R1590T
1160.408	0.053	1169854	REC_END	n/a	n/a	n/a	-999	-999	11	RepFR1	3	R1590T
1160.461	8.722	1169907	TRIAL_START	n/a	n/a	n/a	-999	-999	12	RepFR1	3	R1590T
1169.183	3.0	1178629	COUNTDOWN	n/a	n/a	n/a	-999	-999	12	RepFR1	3	R1590T
1173.4	0.75	1182846	WORD	n/a	wordpools/wordpool_EN.txt	KITE	0	3	12	RepFR1	3	R1590T
1174.968	0.75	1184414	WORD	n/a	wordpools/wordpool_EN.txt	CHALK	1	3	12	RepFR1	3	R1590T
1176.485	0.75	1185931	WORD	n/a	wordpools/wordpool_EN.txt	SPOOL	2	3	12	RepFR1	3	R1590T
1178.067	0.75	1187513	WORD	n/a	wordpools/wordpool_EN.txt	WEB	3	2	12	RepFR1	3	R1590T
1179.635	0.75	1189081	WORD	n/a	wordpools/wordpool_EN.txt	CLAY	4	2	12	RepFR1	3	R1590T
1181.352	0.75	1190798	WORD	n/a	wordpools/wordpool_EN.txt	ZOO	5	2	12	RepFR1	3	R1590T
1182.969	0.75	1192415	WORD	n/a	wordpools/wordpool_EN.txt	MAIL	6	3	12	RepFR1	3	R1590T
1184.553	0.75	1193999	WORD	n/a	wordpools/wordpool_EN.txt	KITE	7	3	12	RepFR1	3	R1590T
1186.269	0.75	1195715	WORD	n/a	wordpools/wordpool_EN.txt	SPOOL	8	3	12	RepFR1	3	R1590T
1188.019	0.75	1197465	WORD	n/a	wordpools/wordpool_EN.txt	MAIL	9	3	12	RepFR1	3	R1590T
1189.686	0.75	1199132	WORD	n/a	wordpools/wordpool_EN.txt	SPOOL	10	3	12	RepFR1	3	R1590T
1191.37	0.75	1200816	WORD	n/a	wordpools/wordpool_EN.txt	CHALK	11	3	12	RepFR1	3	R1590T
1193.054	0.75	1202500	WORD	n/a	wordpools/wordpool_EN.txt	WEB	12	2	12	RepFR1	3	R1590T
1194.704	0.75	1204150	WORD	n/a	wordpools/wordpool_EN.txt	PORK	13	1	12	RepFR1	3	R1590T
1196.437	0.75	1205883	WORD	n/a	wordpools/wordpool_EN.txt	MAIL	14	3	12	RepFR1	3	R1590T
1197.954	0.75	1207400	WORD	n/a	wordpools/wordpool_EN.txt	TART	15	1	12	RepFR1	3	R1590T
1199.554	0.75	1209000	WORD	n/a	wordpools/wordpool_EN.txt	OX	16	3	12	RepFR1	3	R1590T
1201.204	0.75	1210650	WORD	n/a	wordpools/wordpool_EN.txt	CHURCH	17	3	12	RepFR1	3	R1590T
1202.754	0.75	1212200	WORD	n/a	wordpools/wordpool_EN.txt	OX	18	3	12	RepFR1	3	R1590T
1204.289	0.75	1213735	WORD	n/a	wordpools/wordpool_EN.txt	CHALK	19	3	12	RepFR1	3	R1590T
1206.04	0.75	1215486	WORD	n/a	wordpools/wordpool_EN.txt	OX	20	3	12	RepFR1	3	R1590T
1207.655	0.75	1217101	WORD	n/a	wordpools/wordpool_EN.txt	CLAY	21	2	12	RepFR1	3	R1590T
1209.21	0.75	1218656	WORD	n/a	wordpools/wordpool_EN.txt	KITE	22	3	12	RepFR1	3	R1590T
1210.873	0.75	1220319	WORD	n/a	wordpools/wordpool_EN.txt	CHURCH	23	3	12	RepFR1	3	R1590T
1212.489	0.75	1221935	WORD	n/a	wordpools/wordpool_EN.txt	ZOO	24	2	12	RepFR1	3	R1590T
1214.14	0.75	1223586	WORD	n/a	wordpools/wordpool_EN.txt	BEAK	25	1	12	RepFR1	3	R1590T
1215.79	0.75	1225236	WORD	n/a	wordpools/wordpool_EN.txt	CHURCH	26	3	12	RepFR1	3	R1590T
1224.991	0.935	1234437	REC_START	n/a	n/a	n/a	-999	-999	12	RepFR1	3	R1590T
1225.926	0.416	1235372	REC_WORD_VV	0.935	n/a	<>	-999	-999	12	RepFR1	3	R1590T
1226.342	7.298	1235788	REC_WORD	1.351	n/a	OX	-999	3	12	RepFR1	3	R1590T
1233.64	2.667	1243086	REC_WORD	8.649	n/a	QUEEN	-999	3	12	RepFR1	3	R1590T
1236.307	5.418	1245753	REC_WORD_VV	11.316	n/a	<>	-999	-999	12	RepFR1	3	R1590T
1241.725	13.479	1251171	REC_WORD	16.734	n/a	RIB	-999	3	12	RepFR1	3	R1590T
1255.204	0.044	1264650	REC_END	n/a	n/a	n/a	-999	-999	12	RepFR1	3	R1590T
1255.248	8.815	1264694	TRIAL_START	n/a	n/a	n/a	-999	-999	13	RepFR1	3	R1590T
1264.063	3.0	1273509	COUNTDOWN	n/a	n/a	n/a	-999	-999	13	RepFR1	3	R1590T
1268.299	0.75	1277745	WORD	n/a	wordpools/wordpool_EN.txt	YARN	0	3	13	RepFR1	3	R1590T
1270.015	0.75	1279461	WORD	n/a	wordpools/wordpool_EN.txt	MOUTH	1	3	13	RepFR1	3	R1590T
1271.765	0.75	1281211	WORD	n/a	wordpools/wordpool_EN.txt	LAWN	2	2	13	RepFR1	3	R1590T
1273.482	0.75	1282928	WORD	n/a	wordpools/wordpool_EN.txt	SHIP	3	3	13	RepFR1	3	R1590T
1275.115	0.75	1284561	WORD	n/a	wordpools/wordpool_EN.txt	CAVE	4	3	13	RepFR1	3	R1590T
1276.865	0.75	1286311	WORD	n/a	wordpools/wordpool_EN.txt	APE	5	2	13	RepFR1	3	R1590T
1278.366	0.75	1287812	WORD	n/a	wordpools/wordpool_EN.txt	PERCH	6	2	13	RepFR1	3	R1590T
1279.983	0.75	1289429	WORD	n/a	wordpools/wordpool_EN.txt	LAWN	7	2	13	RepFR1	3	R1590T
1281.516	0.75	1290962	WORD	n/a	wordpools/wordpool_EN.txt	CAVE	8	3	13	RepFR1	3	R1590T
1283.15	0.75	1292596	WORD	n/a	wordpools/wordpool_EN.txt	CLOTH	9	3	13	RepFR1	3	R1590T
1284.8	0.75	1294246	WORD	n/a	wordpools/wordpool_EN.txt	DART	10	3	13	RepFR1	3	R1590T
1286.434	0.75	1295880	WORD	n/a	wordpools/wordpool_EN.txt	CAVE	11	3	13	RepFR1	3	R1590T
1288.117	0.75	1297563	WORD	n/a	wordpools/wordpool_EN.txt	SHIP	12	3	13	RepFR1	3	R1590T
1289.785	0.75	1299231	WORD	n/a	wordpools/wordpool_EN.txt	YARN	13	3	13	RepFR1	3	R1590T
1291.417	0.75	1300863	WORD	n/a	wordpools/wordpool_EN.txt	MOUTH	14	3	13	RepFR1	3	R1590T
1293.102	0.75	1302548	WORD	n/a	wordpools/wordpool_EN.txt	SHELL	15	1	13	RepFR1	3	R1590T
1294.817	0.75	1304263	WORD	n/a	wordpools/wordpool_EN.txt	CLOTH	16	3	13	RepFR1	3	R1590T
1296.501	0.75	1305947	WORD	n/a	wordpools/wordpool_EN.txt	APE	17	2	13	RepFR1	3	R1590T
1298.084	0.75	1307530	WORD	n/a	wordpools/wordpool_EN.txt	MOUTH	18	3	13	RepFR1	3	R1590T
1299.719	0.75	1309165	WORD	n/a	wordpools/wordpool_EN.txt	SHIP	19	3	13	RepFR1	3	R1590T
1301.302	0.75	1310748	WORD	n/a	wordpools/wordpool_EN.txt	DRINK	20	1	13	RepFR1	3	R1590T
1302.986	0.75	1312432	WORD	n/a	wordpools/wordpool_EN.txt	CLOTH	21	3	13	RepFR1	3	R1590T
1304.569	0.75	1314015	WORD	n/a	wordpools/wordpool_EN.txt	DART	22	3	13	RepFR1	3	R1590T
1306.086	0.75	1315532	WORD	n/a	wordpools/wordpool_EN.txt	PERCH	23	2	13	RepFR1	3	R1590T
1307.653	0.75	1317099	WORD	n/a	wordpools/wordpool_EN.txt	YARN	24	3	13	RepFR1	3	R1590T
1309.37	0.75	1318816	WORD	n/a	wordpools/wordpool_EN.txt	SCHOOL	25	1	13	RepFR1	3	R1590T
1310.97	0.75	1320416	WORD	n/a	wordpools/wordpool_EN.txt	DART	26	3	13	RepFR1	3	R1590T
1320.121	0.926	1329567	REC_START	n/a	n/a	n/a	-999	-999	13	RepFR1	3	R1590T
1321.047	1.532	1330493	REC_WORD	0.926	n/a	SHIP	-999	3	13	RepFR1	3	R1590T
1322.579	1.458	1332025	REC_WORD	2.458	n/a	PERCH	-999	2	13	RepFR1	3	R1590T
1324.037	0.822	1333483	REC_WORD_VV	3.916	n/a	<>	-999	-999	13	RepFR1	3	R1590T
1324.859	1.157	1334305	REC_WORD	4.738	n/a	YARN	-999	3	13	RepFR1	3	R1590T
1326.016	1.297	1335462	REC_WORD	5.895	n/a	CLOTH	-999	3	13	RepFR1	3	R1590T
1327.313	0.883	1336759	REC_WORD_VV	7.192	n/a	<>	-999	-999	13	RepFR1	3	R1590T
1328.196	22.154	1337642	REC_WORD	8.075	n/a	MOUTH	-999	3	13	RepFR1	3	R1590T
1350.35	0.061	1359796	REC_END	n/a	n/a	n/a	-999	-999	13	RepFR1	3	R1590T
1350.411	8.882	1359857	TRIAL_START	n/a	n/a	n/a	-999	-999	14	RepFR1	3	R1590T
1359.293	3.0	1368739	COUNTDOWN	n/a	n/a	n/a	-999	-999	14	RepFR1	3	R1590T
1363.543	0.75	1372989	WORD	n/a	wordpools/wordpool_EN.txt	TRIBE	0	2	14	RepFR1	3	R1590T
1365.245	0.75	1374691	WORD	n/a	wordpools/wordpool_EN.txt	BOY	1	3	14	RepFR1	3	R1590T
1366.778	0.75	1376224	WORD	n/a	wordpools/wordpool_EN.txt	SNACK	2	1	14	RepFR1	3	R1590T
1368.479	0.75	1377925	WORD	n/a	wordpools/wordpool_EN.txt	PEARL	3	3	14	RepFR1	3	R1590T
1370.062	0.75	1379508	WORD	n/a	wordpools/wordpool_EN.txt	BEAN	4	3	14	RepFR1	3	R1590T
1371.762	0.75	1381208	WORD	n/a	wordpools/wordpool_EN.txt	PEARL	5	3	14	RepFR1	3	R1590T
1373.48	0.75	1382926	WORD	n/a	wordpools/wordpool_EN.txt	JAR	6	2	14	RepFR1	3	R1590T
1375.229	0.75	1384675	WORD	n/a	wordpools/wordpool_EN.txt	BOY	7	3	14	RepFR1	3	R1590T
1376.88	0.75	1386326	WORD	n/a	wordpools/wordpool_EN.txt	PEARL	8	3	14	RepFR1	3	R1590T
1378.563	0.75	1388009	WORD	n/a	wordpools/wordpool_EN.txt	BOY	9	3	14	RepFR1	3	R1590T
1380.213	0.75	1389659	WORD	n/a	wordpools/wordpool_EN.txt	NEST	10	3	14	RepFR1	3	R1590T
1381.764	0.75	1391210	WORD	n/a	wordpools/wordpool_EN.txt	JAR	11	2	14	RepFR1	3	R1590T
1383.447	0.75	1392893	WORD	n/a	wordpools/wordpool_EN.txt	SKUNK	12	2	14	RepFR1	3	R1590T
1385.097	0.75	1394543	WORD	n/a	wordpools/wordpool_EN.txt	BAG	13	1	14	RepFR1	3	R1590T
1386.815	0.75	1396261	WORD	n/a	wordpools/wordpool_EN.txt	LOCK	14	3	14	RepFR1	3	R1590T
1388.481	0.75	1397927	WORD	n/a	wordpools/wordpool_EN.txt	NEST	15	3	14	RepFR1	3	R1590T
1390.132	0.75	1399578	WORD	n/a	wordpools/wordpool_EN.txt	BEAN	16	3	14	RepFR1	3	R1590T
1391.815	0.75	1401261	WORD	n/a	wordpools/wordpool_EN.txt	TRIBE	17	2	14	RepFR1	3	R1590T
1393.433	0.75	1402879	WORD	n/a	wordpools/wordpool_EN.txt	COD	18	3	14	RepFR1	3	R1590T
1395.099	0.75	1404545	WORD	n/a	wordpools/wordpool_EN.txt	LOCK	19	3	14	RepFR1	3	R1590T
1396.765	0.75	1406211	WORD	n/a	wordpools/wordpool_EN.txt	COD	20	3	14	RepFR1	3	R1590T
1398.365	0.75	1407811	WORD	n/a	wordpools/wordpool_EN.txt	SKUNK	21	2	14	RepFR1	3	R1590T
1400.05	0.75	1409496	WORD	n/a	wordpools/wordpool_EN.txt	LOCK	22	3	14	RepFR1	3	R1590T
1401.7	0.75	1411146	WORD	n/a	wordpools/wordpool_EN.txt	LAMP	23	1	14	RepFR1	3	R1590T
1403.35	0.75	1412796	WORD	n/a	wordpools/wordpool_EN.txt	NEST	24	3	14	RepFR1	3	R1590T
1404.95	0.75	1414396	WORD	n/a	wordpools/wordpool_EN.txt	BEAN	25	3	14	RepFR1	3	R1590T
1406.466	0.75	1415912	WORD	n/a	wordpools/wordpool_EN.txt	COD	26	3	14	RepFR1	3	R1590T
1415.735	0.657	1425181	REC_START	n/a	n/a	n/a	-999	-999	14	RepFR1	3	R1590T
1416.392	0.505	1425838	REC_WORD_VV	0.657	n/a	<>	-999	-999	14	RepFR1	3	R1590T
1416.897	1.188	1426343	REC_WORD	1.162	n/a	TRIBE	-999	2	14	RepFR1	3	R1590T
1418.085	3.809	1427531	REC_WORD	2.35	n/a	BOY	-999	3	14	RepFR1	3	R1590T
1421.894	0.495	1431340	REC_WORD_VV	6.159	n/a	<>	-999	-999	14	RepFR1	3	R1590T
1422.389	0.813	1431835	REC_WORD	6.654	n/a	BEAN	-999	3	14	RepFR1	3	R1590T
1423.202	4.792	1432648	REC_WORD	7.467	n/a	SNACK	-999	1	14	RepFR1	3	R1590T
1427.994	17.971	1437440	REC_WORD	12.259	n/a	JAR	-999	2	14	RepFR1	3	R1590T
1445.965	0.051	1455411	REC_END	n/a	n/a	n/a	-999	-999	14	RepFR1	3	R1590T
1446.016	8.624	1455462	TRIAL_START	n/a	n/a	n/a	-999	-999	15	RepFR1	3	R1590T
1454.64	3.0	1464086	COUNTDOWN	n/a	n/a	n/a	-999	-999	15	RepFR1	3	R1590T
1458.891	0.75	1468337	WORD	n/a	wordpools/wordpool_EN.txt	PIN	0	2	15	RepFR1	3	R1590T
1460.61	0.75	1470056	WORD	n/a	wordpools/wordpool_EN.txt	CONE	1	3	15	RepFR1	3	R1590T
1462.291	0.75	1471737	WORD	n/a	wordpools/wordpool_EN.txt	LUNCH	2	3	15	RepFR1	3	R1590T
1464.024	0.75	1473470	WORD	n/a	wordpools/wordpool_EN.txt	PIN	3	2	15	RepFR1	3	R1590T
1465.676	0.75	1475122	WORD	n/a	wordpools/wordpool_EN.txt	SPEAR	4	3	15	RepFR1	3	R1590T
1467.342	0.75	1476788	WORD	n/a	wordpools/wordpool_EN.txt	SPHINX	5	1	15	RepFR1	3	R1590T
1469.093	0.75	1478539	WORD	n/a	wordpools/wordpool_EN.txt	CONE	6	3	15	RepFR1	3	R1590T
1470.709	0.75	1480155	WORD	n/a	wordpools/wordpool_EN.txt	CAPE	7	3	15	RepFR1	3	R1590T
1472.293	0.75	1481739	WORD	n/a	wordpools/wordpool_EN.txt	SMOKE	8	3	15	RepFR1	3	R1590T
1473.878	0.75	1483324	WORD	n/a	wordpools/wordpool_EN.txt	CONE	9	3	15	RepFR1	3	R1590T
1475.51	0.75	1484956	WORD	n/a	wordpools/wordpool_EN.txt	SHIELD	10	1	15	RepFR1	3	R1590T
1477.009	0.75	1486455	WORD	n/a	wordpools/wordpool_EN.txt	SMOKE	11	3	15	RepFR1	3	R1590T
1478.743	0.75	1488189	WORD	n/a	wordpools/wordpool_EN.txt	FRAME	12	3	15	RepFR1	3	R1590T
1480.328	0.75	1489774	WORD	n/a	wordpools/wordpool_EN.txt	LUNCH	13	3	15	RepFR1	3	R1590T
1482.028	0.75	1491474	WORD	n/a	wordpools/wordpool_EN.txt	FRAME	14	3	15	RepFR1	3	R1590T
1483.611	0.75	1493057	WORD	n/a	wordpools/wordpool_EN.txt	SPEAR	15	3	15	RepFR1	3	R1590T
1485.246	0.75	1494692	WORD	n/a	wordpools/wordpool_EN.txt	VEST	16	2	15	RepFR1	3	R1590T
1486.812	0.75	1496258	WORD	n/a	wordpools/wordpool_EN.txt	SALT	17	2	15	RepFR1	3	R1590T
1488.528	0.75	1497974	WORD	n/a	wordpools/wordpool_EN.txt	FRAME	18	3	15	RepFR1	3	R1590T
1490.064	0.75	1499510	WORD	n/a	wordpools/wordpool_EN.txt	CAPE	19	3	15	RepFR1	3	R1590T
1491.579	0.75	1501025	WORD	n/a	wordpools/wordpool_EN.txt	SPEAR	20	3	15	RepFR1	3	R1590T
1493.145	0.75	1502591	WORD	n/a	wordpools/wordpool_EN.txt	CAPE	21	3	15	RepFR1	3	R1590T
1494.797	0.75	1504243	WORD	n/a	wordpools/wordpool_EN.txt	STAKE	22	1	15	RepFR1	3	R1590T
1496.497	0.75	1505943	WORD	n/a	wordpools/wordpool_EN.txt	VEST	23	2	15	RepFR1	3	R1590T
1498.214	0.75	1507660	WORD	n/a	wordpools/wordpool_EN.txt	LUNCH	24	3	15	RepFR1	3	R1590T
1499.897	0.75	1509343	WORD	n/a	wordpools/wordpool_EN.txt	SMOKE	25	3	15	RepFR1	3	R1590T
1501.547	0.75	1510993	WORD	n/a	wordpools/wordpool_EN.txt	SALT	26	2	15	RepFR1	3	R1590T
1510.616	0.716	1520062	REC_START	n/a	n/a	n/a	-999	-999	15	RepFR1	3	R1590T
1511.332	1.173	1520778	REC_WORD	0.716	n/a	CAPE	-999	3	15	RepFR1	3	R1590T
1512.505	1.3	1521951	REC_WORD	1.889	n/a	LUNCH	-999	3	15	RepFR1	3	R1590T
1513.805	2.019	1523251	REC_WORD	3.189	n/a	SALT	-999	2	15	RepFR1	3	R1590T
1515.824	5.435	1525270	REC_WORD	5.208	n/a	SPHINX	-999	1	15	RepFR1	3	R1590T
1521.259	1.53	1530705	REC_WORD	10.643	n/a	PIN	-999	2	15	RepFR1	3	R1590T
1522.789	4.09	1532235	REC_WORD	12.173	n/a	DART	-999	3	15	RepFR1	3	R1590T
1526.879	13.957	1536325	REC_WORD	16.263	n/a	BADGE	-999	3	15	RepFR1	3	R1590T
1540.836	0.041	1550282	REC_END	n/a	n/a	n/a	-999	-999	15	RepFR1	3	R1590T
1540.877	9.077	1550323	TRIAL_START	n/a	n/a	n/a	-999	-999	16	RepFR1	3	R1590T
1549.954	3.0	1559400	COUNTDOWN	n/a	n/a	n/a	-999	-999	16	RepFR1	3	R1590T
1554.12	0.75	1563566	WORD	n/a	wordpools/wordpool_EN.txt	SOAP	0	2	16	RepFR1	3	R1590T
1555.771	0.75	1565217	WORD	n/a	wordpools/wordpool_EN.txt	MAP	1	3	16	RepFR1	3	R1590T
1557.522	0.75	1566968	WORD	n/a	wordpools/wordpool_EN.txt	RUST	2	1	16	RepFR1	3	R1590T
1559.139	0.75	1568585	WORD	n/a	wordpools/wordpool_EN.txt	GUARD	3	3	16	RepFR1	3	R1590T
1560.672	0.75	1570118	WORD	n/a	wordpools/wordpool_EN.txt	SUIT	4	3	16	RepFR1	3	R1590T
1562.305	0.75	1571751	WORD	n/a	wordpools/wordpool_EN.txt	BENCH	5	2	16	RepFR1	3	R1590T
1564.057	0.75	1573503	WORD	n/a	wordpools/wordpool_EN.txt	MAP	6	3	16	RepFR1	3	R1590T
1565.79	0.75	1575236	WORD	n/a	wordpools/wordpool_EN.txt	GREASE	7	3	16	RepFR1	3	R1590T
1567.556	0.75	1577002	WORD	n/a	wordpools/wordpool_EN.txt	MARSH	8	3	16	RepFR1	3	R1590T
1569.29	0.75	1578736	WORD	n/a	wordpools/wordpool_EN.txt	BRUSH	9	3	16	RepFR1	3	R1590T
1570.973	0.75	1580419	WORD	n/a	wordpools/wordpool_EN.txt	MEAT	10	2	16	RepFR1	3	R1590T
1572.657	0.75	1582103	WORD	n/a	wordpools/wordpool_EN.txt	BRUSH	11	3	16	RepFR1	3	R1590T
1574.341	0.75	1583787	WORD	n/a	wordpools/wordpool_EN.txt	SOAP	12	2	16	RepFR1	3	R1590T
1576.025	0.75	1585471	WORD	n/a	wordpools/wordpool_EN.txt	GUARD	13	3	16	RepFR1	3	R1590T
1577.641	0.75	1587087	WORD	n/a	wordpools/wordpool_EN.txt	BRUSH	14	3	16	RepFR1	3	R1590T
1579.225	0.75	1588671	WORD	n/a	wordpools/wordpool_EN.txt	SUIT	15	3	16	RepFR1	3	R1590T
1580.808	0.75	1590254	WORD	n/a	wordpools/wordpool_EN.txt	GREASE	16	3	16	RepFR1	3	R1590T
1582.476	0.75	1591922	WORD	n/a	wordpools/wordpool_EN.txt	MARSH	17	3	16	RepFR1	3	R1590T
1584.109	0.75	1593555	WORD	n/a	wordpools/wordpool_EN.txt	GUARD	18	3	16	RepFR1	3	R1590T
1585.626	0.75	1595072	WORD	n/a	wordpools/wordpool_EN.txt	MEAT	19	2	16	RepFR1	3	R1590T
1587.159	0.75	1596605	WORD	n/a	wordpools/wordpool_EN.txt	BEEF	20	1	16	RepFR1	3	R1590T
1588.877	0.75	1598323	WORD	n/a	wordpools/wordpool_EN.txt	BENCH	21	2	16	RepFR1	3	R1590T
1590.393	0.75	1599839	WORD	n/a	wordpools/wordpool_EN.txt	SUIT	22	3	16	RepFR1	3	R1590T
1592.009	0.75	1601455	WORD	n/a	wordpools/wordpool_EN.txt	MAP	23	3	16	RepFR1	3	R1590T
1593.709	0.75	1603155	WORD	n/a	wordpools/wordpool_EN.txt	MULE	24	1	16	RepFR1	3	R1590T
1595.31	0.75	1604756	WORD	n/a	wordpools/wordpool_EN.txt	GREASE	25	3	16	RepFR1	3	R1590T
1596.861	0.75	1606307	WORD	n/a	wordpools/wordpool_EN.txt	MARSH	26	3	16	RepFR1	3	R1590T
1606.011	0.77	1615457	REC_START	n/a	n/a	n/a	-999	-999	16	RepFR1	3	R1590T
1606.781	1.069	1616227	REC_WORD	0.77	n/a	MARSH	-999	3	16	RepFR1	3	R1590T
1607.85	1.016	1617296	REC_WORD	1.839	n/a	MEAT	-999	2	16	RepFR1	3	R1590T
1608.866	1.498	1618312	REC_WORD	2.855	n/a	BEEF	-999	1	16	RepFR1	3	R1590T
1610.364	10.011	1619810	REC_WORD_VV	4.353	n/a	<>	-999	-999	16	RepFR1	3	R1590T
1620.375	0.892	1629821	REC_WORD	14.364	n/a	GUARD	-999	3	16	RepFR1	3	R1590T
1621.267	0.799	1630713	REC_WORD	15.256	n/a	RUST	-999	1	16	RepFR1	3	R1590T
1622.066	1.274	1631512	REC_WORD	16.055	n/a	SOAP	-999	2	16	RepFR1	3	R1590T
1623.34	12.891	1632786	REC_WORD	17.329	n/a	BRUSH	-999	3	16	RepFR1	3	R1590T
1636.231	0.049	1645677	REC_END	n/a	n/a	n/a	-999	-999	16	RepFR1	3	R1590T
1636.28	8.954	1645726	TRIAL_START	n/a	n/a	n/a	-999	-999	17	RepFR1	3	R1590T
1645.234	3.0	1654680	COUNTDOWN	n/a	n/a	n/a	-999	-999	17	RepFR1	3	R1590T
1649.519	0.75	1658965	WORD	n/a	wordpools/wordpool_EN.txt	CROWN	0	2	17	RepFR1	3	R1590T
1651.102	0.75	1660548	WORD	n/a	wordpools/wordpool_EN.txt	STRING	1	3	17	RepFR1	3	R1590T
1652.652	0.75	1662098	WORD	n/a	wordpools/wordpool_EN.txt	WORLD	2	3	17	RepFR1	3	R1590T
1654.252	0.75	1663698	WORD	n/a	wordpools/wordpool_EN.txt	STRING	3	3	17	RepFR1	3	R1590T
1655.921	0.75	1665367	WORD	n/a	wordpools/wordpool_EN.txt	PALM	4	1	17	RepFR1	3	R1590T
1657.552	0.75	1666998	WORD	n/a	wordpools/wordpool_EN.txt	WORLD	5	3	17	RepFR1	3	R1590T
1659.136	0.75	1668582	WORD	n/a	wordpools/wordpool_EN.txt	GRILL	6	2	17	RepFR1	3	R1590T
1660.802	0.75	1670248	WORD	n/a	wordpools/wordpool_EN.txt	FLAME	7	3	17	RepFR1	3	R1590T
1662.352	0.75	1671798	WORD	n/a	wordpools/wordpool_EN.txt	WORLD	8	3	17	RepFR1	3	R1590T
1663.97	0.75	1673416	WORD	n/a	wordpools/wordpool_EN.txt	SEED	9	3	17	RepFR1	3	R1590T
1665.637	0.75	1675083	WORD	n/a	wordpools/wordpool_EN.txt	TIE	10	3	17	RepFR1	3	R1590T
1667.271	0.75	1676717	WORD	n/a	wordpools/wordpool_EN.txt	FLAME	11	3	17	RepFR1	3	R1590T
1668.771	0.75	1678217	WORD	n/a	wordpools/wordpool_EN.txt	CASH	12	3	17	RepFR1	3	R1590T
1670.405	0.75	1679851	WORD	n/a	wordpools/wordpool_EN.txt	TIE	13	3	17	RepFR1	3	R1590T
1672.005	0.75	1681451	WORD	n/a	wordpools/wordpool_EN.txt	CASH	14	3	17	RepFR1	3	R1590T
1673.755	0.75	1683201	WORD	n/a	wordpools/wordpool_EN.txt	STRING	15	3	17	RepFR1	3	R1590T
1675.505	0.75	1684951	WORD	n/a	wordpools/wordpool_EN.txt	STEM	16	1	17	RepFR1	3	R1590T
1677.023	0.75	1686469	WORD	n/a	wordpools/wordpool_EN.txt	CROWN	17	2	17	RepFR1	3	R1590T
1678.773	0.75	1688219	WORD	n/a	wordpools/wordpool_EN.txt	CANE	18	1	17	RepFR1	3	R1590T
1680.306	0.75	1689752	WORD	n/a	wordpools/wordpool_EN.txt	TIE	19	3	17	RepFR1	3	R1590T
1681.906	0.75	1691352	WORD	n/a	wordpools/wordpool_EN.txt	SLEEVE	20	2	17	RepFR1	3	R1590T
1683.54	0.75	1692986	WORD	n/a	wordpools/wordpool_EN.txt	GRILL	21	2	17	RepFR1	3	R1590T
1685.273	0.75	1694719	WORD	n/a	wordpools/wordpool_EN.txt	SEED	22	3	17	RepFR1	3	R1590T
1687.024	0.75	1696470	WORD	n/a	wordpools/wordpool_EN.txt	CASH	23	3	17	RepFR1	3	R1590T
1688.64	0.75	1698086	WORD	n/a	wordpools/wordpool_EN.txt	SLEEVE	24	2	17	RepFR1	3	R1590T
1690.224	0.75	1699670	WORD	n/a	wordpools/wordpool_EN.txt	FLAME	25	3	17	RepFR1	3	R1590T
1691.807	0.75	1701253	WORD	n/a	wordpools/wordpool_EN.txt	SEED	26	3	17	RepFR1	3	R1590T
1701.059	1.099	1710505	REC_START	n/a	n/a	n/a	-999	-999	17	RepFR1	3	R1590T
1702.158	1.195	1711604	REC_WORD	1.099	n/a	FLAME	-999	3	17	RepFR1	3	R1590T
1703.353	4.39	1712799	REC_WORD	2.294	n/a	GRILL	-999	2	17	RepFR1	3	R1590T
1707.743	1.84	1717189	REC_WORD	6.684	n/a	STRING	-999	3	17	RepFR1	3	R1590T
1709.583	1.295	1719029	REC_WORD	8.524	n/a	SLEEVE	-999	2	17	RepFR1	3	R1590T
1710.878	5.008	1720324	REC_WORD	9.819	n/a	CROWN	-999	2	17	RepFR1	3	R1590T
1715.886	0.977	1725332	REC_WORD	14.827	n/a	POND	-999	3	17	RepFR1	3	R1590T
1716.863	14.409	1726309	REC_WORD	15.804	n/a	WORLD	-999	3	17	RepFR1	3	R1590T
1731.272	0.054	1740718	REC_END	n/a	n/a	n/a	-999	-999	17	RepFR1	3	R1590T
1731.326	8.722	1740772	TRIAL_START	n/a	n/a	n/a	-999	-999	18	RepFR1	3	R1590T
1740.048	3.0	1749494	COUNTDOWN	n/a	n/a	n/a	-999	-999	18	RepFR1	3	R1590T
1744.148	0.75	1753594	WORD	n/a	wordpools/wordpool_EN.txt	FLEA	0	2	18	RepFR1	3	R1590T
1745.732	0.75	1755178	WORD	n/a	wordpools/wordpool_EN.txt	FRIEND	1	3	18	RepFR1	3	R1590T
1747.264	0.75	1756710	WORD	n/a	wordpools/wordpool_EN.txt	EEL	2	3	18	RepFR1	3	R1590T
1748.965	0.75	1758411	WORD	n/a	wordpools/wordpool_EN.txt	BAND	3	3	18	RepFR1	3	R1590T
1750.597	0.75	1760043	WORD	n/a	wordpools/wordpool_EN.txt	MASK	4	3	18	RepFR1	3	R1590T
1752.165	0.75	1761611	WORD	n/a	wordpools/wordpool_EN.txt	EEL	5	3	18	RepFR1	3	R1590T
1753.833	0.75	1763279	WORD	n/a	wordpools/wordpool_EN.txt	FRIEND	6	3	18	RepFR1	3	R1590T
1755.533	0.75	1764979	WORD	n/a	wordpools/wordpool_EN.txt	EEL	7	3	18	RepFR1	3	R1590T
1757.217	0.75	1766663	WORD	n/a	wordpools/wordpool_EN.txt	DOCK	8	3	18	RepFR1	3	R1590T
1758.967	0.75	1768413	WORD	n/a	wordpools/wordpool_EN.txt	FACE	9	3	18	RepFR1	3	R1590T
1760.601	0.75	1770047	WORD	n/a	wordpools/wordpool_EN.txt	LIP	10	1	18	RepFR1	3	R1590T
1762.3	0.75	1771746	WORD	n/a	wordpools/wordpool_EN.txt	HOUND	11	2	18	RepFR1	3	R1590T
1763.851	0.75	1773297	WORD	n/a	wordpools/wordpool_EN.txt	FRIEND	12	3	18	RepFR1	3	R1590T
1765.585	0.75	1775031	WORD	n/a	wordpools/wordpool_EN.txt	DOCK	13	3	18	RepFR1	3	R1590T
1767.185	0.75	1776631	WORD	n/a	wordpools/wordpool_EN.txt	SEAT	14	2	18	RepFR1	3	R1590T
1768.768	0.75	1778214	WORD	n/a	wordpools/wordpool_EN.txt	FACE	15	3	18	RepFR1	3	R1590T
1770.335	0.75	1779781	WORD	n/a	wordpools/wordpool_EN.txt	HOUND	16	2	18	RepFR1	3	R1590T
1771.919	0.75	1781365	WORD	n/a	wordpools/wordpool_EN.txt	SEAT	17	2	18	RepFR1	3	R1590T
1773.435	0.75	1782881	WORD	n/a	wordpools/wordpool_EN.txt	FACE	18	3	18	RepFR1	3	R1590T
1775.119	0.75	1784565	WORD	n/a	wordpools/wordpool_EN.txt	GEESE	19	1	18	RepFR1	3	R1590T
1776.786	0.75	1786232	WORD	n/a	wordpools/wordpool_EN.txt	CUP	20	1	18	RepFR1	3	R1590T
1778.436	0.75	1787882	WORD	n/a	wordpools/wordpool_EN.txt	FLEA	21	2	18	RepFR1	3	R1590T
1780.002	0.75	1789448	WORD	n/a	wordpools/wordpool_EN.txt	BAND	22	3	18	RepFR1	3	R1590T
1781.636	0.75	1791082	WORD	n/a	wordpools/wordpool_EN.txt	MASK	23	3	18	RepFR1	3	R1590T
1783.387	0.75	1792833	WORD	n/a	wordpools/wordpool_EN.txt	DOCK	24	3	18	RepFR1	3	R1590T
1785.037	0.75	1794483	WORD	n/a	wordpools/wordpool_EN.txt	MASK	25	3	18	RepFR1	3	R1590T
1786.721	0.75	1796167	WORD	n/a	wordpools/wordpool_EN.txt	BAND	26	3	18	RepFR1	3	R1590T
1795.956	1.367	1805402	REC_START	n/a	n/a	n/a	-999	-999	18	RepFR1	3	R1590T
1797.323	1.049	1806769	REC_WORD	1.367	n/a	FLEA	-999	2	18	RepFR1	3	R1590T
1798.372	2.907	1807818	REC_WORD	2.416	n/a	FRIEND	-999	3	18	RepFR1	3	R1590T
1801.279	1.007	1810725	REC_WORD	5.323	n/a	EEL	-999	3	18	RepFR1	3	R1590T
1802.286	1.478	1811732	REC_WORD	6.33	n/a	BAND	-999	3	18	RepFR1	3	R1590T
1803.764	22.388	1813210	REC_WORD	7.808	n/a	DOCK	-999	3	18	RepFR1	3	R1590T
1826.152	0.053	1835598	REC_END	n/a	n/a	n/a	-999	-999	18	RepFR1	3	R1590T
1826.205	8.356	1835651	TRIAL_START	n/a	n/a	n/a	-999	-999	19	RepFR1	3	R1590T
1834.561	3.0	1844007	COUNTDOWN	n/a	n/a	n/a	-999	-999	19	RepFR1	3	R1590T
1838.744	0.75	1848190	WORD	n/a	wordpools/wordpool_EN.txt	HOOK	0	3	19	RepFR1	3	R1590T
1840.494	0.75	1849940	WORD	n/a	wordpools/wordpool_EN.txt	HAZE	1	3	19	RepFR1	3	R1590T
1842.196	0.75	1851642	WORD	n/a	wordpools/wordpool_EN.txt	FOOD	2	3	19	RepFR1	3	R1590T
1843.763	0.75	1853209	WORD	n/a	wordpools/wordpool_EN.txt	HAZE	3	3	19	RepFR1	3	R1590T
1845.512	0.75	1854958	WORD	n/a	wordpools/wordpool_EN.txt	PURSE	4	3	19	RepFR1	3	R1590T
1847.112	0.75	1856558	WORD	n/a	wordpools/wordpool_EN.txt	HEDGE	5	2	19	RepFR1	3	R1590T
1848.746	0.75	1858192	WORD	n/a	wordpools/wordpool_EN.txt	HAZE	6	3	19	RepFR1	3	R1590T
1850.497	0.75	1859943	WORD	n/a	wordpools/wordpool_EN.txt	BATH	7	3	19	RepFR1	3	R1590T
1852.197	0.75	1861643	WORD	n/a	wordpools/wordpool_EN.txt	STAR	8	1	19	RepFR1	3	R1590T
1853.915	0.75	1863361	WORD	n/a	wordpools/wordpool_EN.txt	HOOK	9	3	19	RepFR1	3	R1590T
1855.514	0.75	1864960	WORD	n/a	wordpools/wordpool_EN.txt	FOOD	10	3	19	RepFR1	3	R1590T
1857.131	0.75	1866577	WORD	n/a	wordpools/wordpool_EN.txt	CHEST	11	1	19	RepFR1	3	R1590T
1858.88	0.75	1868326	WORD	n/a	wordpools/wordpool_EN.txt	TREE	12	2	19	RepFR1	3	R1590T
1860.548	0.75	1869994	WORD	n/a	wordpools/wordpool_EN.txt	BATH	13	3	19	RepFR1	3	R1590T
1862.231	0.75	1871677	WORD	n/a	wordpools/wordpool_EN.txt	LOFT	14	3	19	RepFR1	3	R1590T
1863.849	0.75	1873295	WORD	n/a	wordpools/wordpool_EN.txt	FOOD	15	3	19	RepFR1	3	R1590T
1865.416	0.75	1874862	WORD	n/a	wordpools/wordpool_EN.txt	LOFT	16	3	19	RepFR1	3	R1590T
1867.082	0.75	1876528	WORD	n/a	wordpools/wordpool_EN.txt	HEDGE	17	2	19	RepFR1	3	R1590T
1868.582	0.75	1878028	WORD	n/a	wordpools/wordpool_EN.txt	BOOT	18	2	19	RepFR1	3	R1590T
1870.233	0.75	1879679	WORD	n/a	wordpools/wordpool_EN.txt	LOFT	19	3	19	RepFR1	3	R1590T
1871.782	0.75	1881228	WORD	n/a	wordpools/wordpool_EN.txt	TREE	20	2	19	RepFR1	3	R1590T
1873.366	0.75	1882812	WORD	n/a	wordpools/wordpool_EN.txt	HOOK	21	3	19	RepFR1	3	R1590T
1874.966	0.75	1884412	WORD	n/a	wordpools/wordpool_EN.txt	PURSE	22	3	19	RepFR1	3	R1590T
1876.583	0.75	1886029	WORD	n/a	wordpools/wordpool_EN.txt	BATH	23	3	19	RepFR1	3	R1590T
1878.1	0.75	1887546	WORD	n/a	wordpools/wordpool_EN.txt	BOOT	24	2	19	RepFR1	3	R1590T
1879.751	0.75	1889197	WORD	n/a	wordpools/wordpool_EN.txt	PURSE	25	3	19	RepFR1	3	R1590T
1881.434	0.75	1890880	WORD	n/a	wordpools/wordpool_EN.txt	GROUND	26	1	19	RepFR1	3	R1590T
1890.586	1.242	1900032	REC_START	n/a	n/a	n/a	-999	-999	19	RepFR1	3	R1590T
1891.828	1.312	1901274	REC_WORD	1.242	n/a	HOOK	-999	3	19	RepFR1	3	R1590T
1893.14	7.904	1902586	REC_WORD	2.554	n/a	BOOT	-999	2	19	RepFR1	3	R1590T
1901.044	19.767	1910490	REC_WORD	10.458	n/a	GEESE	-999	1	19	RepFR1	3	R1590T
1920.811	0.055	1930257	REC_END	n/a	n/a	n/a	-999	-999	19	RepFR1	3	R1590T
1920.866	8.841	1930312	TRIAL_START	n/a	n/a	n/a	-999	-999	20	RepFR1	3	R1590T
1929.707	3.0	1939153	COUNTDOWN	n/a	n/a	n/a	-999	-999	20	RepFR1	3	R1590T
1933.825	0.75	1943271	WORD	n/a	wordpools/wordpool_EN.txt	CUBE	0	1	20	RepFR1	3	R1590T
1935.491	0.75	1944937	WORD	n/a	wordpools/wordpool_EN.txt	LACE	1	2	20	RepFR1	3	R1590T
1937.009	0.75	1946455	WORD	n/a	wordpools/wordpool_EN.txt	BARN	2	3	20	RepFR1	3	R1590T
1938.576	0.75	1948022	WORD	n/a	wordpools/wordpool_EN.txt	CLAM	3	3	20	RepFR1	3	R1590T
1940.293	0.75	1949739	WORD	n/a	wordpools/wordpool_EN.txt	SPACE	4	1	20	RepFR1	3	R1590T
1941.959	0.75	1951405	WORD	n/a	wordpools/wordpool_EN.txt	MUD	5	3	20	RepFR1	3	R1590T
1943.643	0.75	1953089	WORD	n/a	wordpools/wordpool_EN.txt	TRASH	6	2	20	RepFR1	3	R1590T
1945.294	0.75	1954740	WORD	n/a	wordpools/wordpool_EN.txt	RAT	7	3	20	RepFR1	3	R1590T
1946.877	0.75	1956323	WORD	n/a	wordpools/wordpool_EN.txt	STORM	8	3	20	RepFR1	3	R1590T
1948.579	0.75	1958025	WORD	n/a	wordpools/wordpool_EN.txt	JET	9	3	20	RepFR1	3	R1590T
1950.326	0.75	1959772	WORD	n/a	wordpools/wordpool_EN.txt	MUD	10	3	20	RepFR1	3	R1590T
1951.927	0.75	1961373	WORD	n/a	wordpools/wordpool_EN.txt	TRASH	11	2	20	RepFR1	3	R1590T
1953.66	0.75	1963106	WORD	n/a	wordpools/wordpool_EN.txt	BARN	12	3	20	RepFR1	3	R1590T
1955.378	0.75	1964824	WORD	n/a	wordpools/wordpool_EN.txt	CLAM	13	3	20	RepFR1	3	R1590T
1957.011	0.75	1966457	WORD	n/a	wordpools/wordpool_EN.txt	BARN	14	3	20	RepFR1	3	R1590T
1958.662	0.75	1968108	WORD	n/a	wordpools/wordpool_EN.txt	JET	15	3	20	RepFR1	3	R1590T
1960.312	0.75	1969758	WORD	n/a	wordpools/wordpool_EN.txt	CLAM	16	3	20	RepFR1	3	R1590T
1961.93	0.75	1971376	WORD	n/a	wordpools/wordpool_EN.txt	LACE	17	2	20	RepFR1	3	R1590T
1963.562	0.75	1973008	WORD	n/a	wordpools/wordpool_EN.txt	RAT	18	3	20	RepFR1	3	R1590T
1965.145	0.75	1974591	WORD	n/a	wordpools/wordpool_EN.txt	MUD	19	3	20	RepFR1	3	R1590T
1966.846	0.75	1976292	WORD	n/a	wordpools/wordpool_EN.txt	JET	20	3	20	RepFR1	3	R1590T
1968.413	0.75	1977859	WORD	n/a	wordpools/wordpool_EN.txt	STORM	21	3	20	RepFR1	3	R1590T
1970.113	0.75	1979559	WORD	n/a	wordpools/wordpool_EN.txt	SNAIL	22	2	20	RepFR1	3	R1590T
1971.846	0.75	1981292	WORD	n/a	wordpools/wordpool_EN.txt	RAT	23	3	20	RepFR1	3	R1590T
1973.413	0.75	1982859	WORD	n/a	wordpools/wordpool_EN.txt	SNAIL	24	2	20	RepFR1	3	R1590T
1975.081	0.75	1984527	WORD	n/a	wordpools/wordpool_EN.txt	STORM	25	3	20	RepFR1	3	R1590T
1976.732	0.75	1986178	WORD	n/a	wordpools/wordpool_EN.txt	FENCE	26	1	20	RepFR1	3	R1590T
1985.898	1.368	1995344	REC_START	n/a	n/a	n/a	-999	-999	20	RepFR1	3	R1590T
1987.266	1.331	1996712	REC_WORD	1.368	n/a	CUBE	-999	1	20	RepFR1	3	R1590T
1988.597	1.604	1998043	REC_WORD	2.699	n/a	CLAM	-999	3	20	RepFR1	3	R1590T
1990.201	25.932	1999647	REC_WORD	4.303	n/a	LACE	-999	2	20	RepFR1	3	R1590T
2016.133	0.048	2025579	REC_END	n/a	n/a	n/a	-999	-999	20	RepFR1	3	R1590T
2016.181	731.883	2025627	SESS_END	n/a	n/a	n/a	-999	-999	-999	RepFR1	3	R1590T
2748.064	0.0	-1	SESS_END	n/a	n/a	n/a	-999	-999	-999	RepFR1	3	R1590T
